date,美国:阿拉巴马州:确诊病例:累计值,美国:阿拉斯加州:确诊病例:累计值,美国:亚利桑那州:确诊病例:累计值,美国:阿肯色州:确诊病例:累计值,美国:加利福尼亚州:确诊病例:累计值,美国:科罗拉多州:确诊病例:累计值,美国:康涅狄格州:确诊病例:累计值,美国:特拉华州:确诊病例:累计值,美国:佛罗里达州:确诊病例:累计值,美国:佐治亚州:确诊病例:累计值,美国:夏威夷州:确诊病例:累计值,美国:爱达荷州:确诊病例:累计值,美国:伊利诺伊州:确诊病例:累计值,美国:印第安纳州:确诊病例:累计值,美国:爱荷华州:确诊病例:累计值,美国:堪萨斯州:确诊病例:累计值,美国:肯塔基州:确诊病例:累计值,美国:路易斯安那州:确诊病例:累计值,美国:缅因州:确诊病例:累计值,美国:马里兰州:确诊病例:累计值,美国:马萨诸塞州:确诊病例:累计值,美国:密歇根州:确诊病例:累计值,美国:明尼苏达州:确诊病例:累计值,美国:密西西比州:确诊病例:累计值,美国:密苏里州:确诊病例:累计值,美国:蒙大拿州:确诊病例:累计值,美国:内布拉斯加州:确诊病例:累计值,美国:内华达州:确诊病例:累计值,美国:新罕布什尔州:确诊病例:累计值,美国:新泽西州:确诊病例:累计值,美国:新墨西哥州:确诊病例:累计值,美国:纽约州:确诊病例:累计值,美国:北卡罗来纳州:确诊病例:累计值,美国:北达科他州:确诊病例:累计值,美国:俄亥俄州:确诊病例:累计值,美国:俄克拉何马州:确诊病例:累计值,美国:俄勒冈州:确诊病例:累计值,美国:宾夕法尼亚州:确诊病例:累计值,美国:罗得岛州:确诊病例:累计值,美国:南卡罗来纳州:确诊病例:累计值,美国:南达科他州:确诊病例:累计值,美国:田纳西州:确诊病例:累计值,美国:德克萨斯州:确诊病例:累计值,美国:犹他州:确诊病例:累计值,美国:佛蒙特州:确诊病例:累计值,美国:弗吉尼亚州:确诊病例:累计值,美国:华盛顿州:确诊病例:累计值,美国:西弗吉尼亚州:确诊病例:累计值,美国:威斯康星州:确诊病例:累计值,美国:怀俄明州:确诊病例:累计值,美国:华盛顿哥伦比亚特区:确诊病例:累计值,美国:美属萨摩亚:确诊病例:累计值,美国:关岛:确诊病例:累计值,美国:北马里亚纳群岛:确诊病例:累计值,美国:波多黎各:确诊病例:累计值,美国:美属维尔京群岛:确诊病例:累计值,美国:未明确地区:确诊病例:累计值,美国:阿拉巴马州:死亡病例:累计值,美国:阿拉斯加州:死亡病例:累计值,美国:亚利桑那州:死亡病例:累计值,美国:阿肯色州:死亡病例:累计值,美国:加利福尼亚州:死亡病例:累计值,美国:科罗拉多州:死亡病例:累计值,美国:康涅狄格州:死亡病例:累计值,美国:特拉华州:死亡病例:累计值,美国:佛罗里达州:死亡病例:累计值,美国:佐治亚州:死亡病例:累计值,美国:夏威夷州:死亡病例:累计值,美国:爱达荷州:死亡病例:累计值,美国:伊利诺伊州:死亡病例:累计值,美国:印第安纳州:死亡病例:累计值,美国:爱荷华州:死亡病例:累计值,美国:堪萨斯州:死亡病例:累计值,美国:肯塔基州:死亡病例:累计值,美国:路易斯安那州:死亡病例:累计值,美国:缅因州:死亡病例:累计值,美国:马里兰州:死亡病例:累计值,美国:马萨诸塞州:死亡病例:累计值,美国:密歇根州:死亡病例:累计值,美国:明尼苏达州:死亡病例:累计值,美国:密西西比州:死亡病例:累计值,美国:密苏里州:死亡病例:累计值,美国:蒙大拿州:死亡病例:累计值,美国:内布拉斯加州:死亡病例:累计值,美国:内华达州:死亡病例:累计值,美国:新罕布什尔州:死亡病例:累计值,美国:新泽西州:死亡病例:累计值,美国:新墨西哥州:死亡病例:累计值,美国:纽约州:死亡病例:累计值,美国:北卡罗来纳州:死亡病例:累计值,美国:北达科他州:死亡病例:累计值,美国:俄亥俄州:死亡病例:累计值,美国:俄克拉何马州:死亡病例:累计值,美国:俄勒冈州:死亡病例:累计值,美国:宾夕法尼亚州:死亡病例:累计值,美国:罗得岛州:死亡病例:累计值,美国:南卡罗来纳州:死亡病例:累计值,美国:南达科他州:死亡病例:累计值,美国:田纳西州:死亡病例:累计值,美国:德克萨斯州:死亡病例:累计值,美国:犹他州:死亡病例:累计值,美国:佛蒙特州:死亡病例:累计值,美国:弗吉尼亚州:死亡病例:累计值,美国:华盛顿州:死亡病例:累计值,美国:西弗吉尼亚州:死亡病例:累计值,美国:威斯康星州:死亡病例:累计值,美国:怀俄明州:死亡病例:累计值,美国:华盛顿哥伦比亚特区:死亡病例:累计值,美国:美属萨摩亚:死亡病例:累计值,美国:关岛:死亡病例:累计值,美国:北马里亚纳群岛:死亡病例:累计值,美国:波多黎各:死亡病例:累计值,美国:美属维尔京群岛:死亡病例:累计值,美国:未明确地区:死亡病例:累计值,美国:阿拉巴马州:治愈病例:累计值,美国:阿拉斯加州:治愈病例:累计值,美国:亚利桑那州:治愈病例:累计值,美国:阿肯色州:治愈病例:累计值,美国:加利福尼亚州:治愈病例:累计值,美国:科罗拉多州:治愈病例:累计值,美国:康涅狄格州:治愈病例:累计值,美国:特拉华州:治愈病例:累计值,美国:佛罗里达州:治愈病例:累计值,美国:佐治亚州:治愈病例:累计值,美国:夏威夷州:治愈病例:累计值,美国:爱达荷州:治愈病例:累计值,美国:伊利诺伊州:治愈病例:累计值,美国:印第安纳州:治愈病例:累计值,美国:爱荷华州:治愈病例:累计值,美国:堪萨斯州:治愈病例:累计值,美国:肯塔基州:治愈病例:累计值,美国:路易斯安那州:治愈病例:累计值,美国:缅因州:治愈病例:累计值,美国:马里兰州:治愈病例:累计值,美国:马萨诸塞州:治愈病例:累计值,美国:密歇根州:治愈病例:累计值,美国:明尼苏达州:治愈病例:累计值,美国:密西西比州:治愈病例:累计值,美国:密苏里州:治愈病例:累计值,美国:蒙大拿州:治愈病例:累计值,美国:内布拉斯加州:治愈病例:累计值,美国:内华达州:治愈病例:累计值,美国:新罕布什尔州:治愈病例:累计值,美国:新泽西州:治愈病例:累计值,美国:新墨西哥州:治愈病例:累计值,美国:纽约州:治愈病例:累计值,美国:北卡罗来纳州:治愈病例:累计值,美国:北达科他州:治愈病例:累计值,美国:俄亥俄州:治愈病例:累计值,美国:俄克拉何马州:治愈病例:累计值,美国:俄勒冈州:治愈病例:累计值,美国:宾夕法尼亚州:治愈病例:累计值,美国:罗得岛州:治愈病例:累计值,美国:南卡罗来纳州:治愈病例:累计值,美国:南达科他州:治愈病例:累计值,美国:田纳西州:治愈病例:累计值,美国:德克萨斯州:治愈病例:累计值,美国:犹他州:治愈病例:累计值,美国:佛蒙特州:治愈病例:累计值,美国:弗吉尼亚州:治愈病例:累计值,美国:华盛顿州:治愈病例:累计值,美国:西弗吉尼亚州:治愈病例:累计值,美国:威斯康星州:治愈病例:累计值,美国:怀俄明州:治愈病例:累计值,美国:华盛顿哥伦比亚特区:治愈病例:累计值,美国:美属萨摩亚:治愈病例:累计值,美国:关岛:治愈病例:累计值,美国:北马里亚纳群岛:治愈病例:累计值,美国:波多黎各:治愈病例:累计值,美国:美属维尔京群岛:治愈病例:累计值,美国:未明确地区:治愈病例:累计值
2020/1/21,0,0,0,0,0,0,0,0,0,0,0,0,0,0,0,0,0,0,0,0,0,0,0,0,0,0,0,0,0,0,0,0,0,0,0,0,0,0,0,0,0,0,0,0,0,0,1,0,0,0,0,0,0,0,0,0,0,0,0,0,0,0,0,0,0,0,0,0,0,0,0,0,0,0,0,0,0,0,0,0,0,0,0,0,0,0,0,0,0,0,0,0,0,0,0,0,0,0,0,0,0,0,0,0,0,0,0,0,0,0,0,0,0,0,0,0,0,0,0,0,0,0,0,0,0,0,0,0,0,0,0,0,0,0,0,0,0,0,0,0,0,0,0,0,0,0,0,0,0,0,0,0,0,0,0,0,0,0,0,0,0,0,0,0,0,0,0,0,0,0,0
2020/1/22,0,0,0,0,0,0,0,0,0,0,0,0,0,0,0,0,0,0,0,0,0,0,0,0,0,0,0,0,0,0,0,0,0,0,0,0,0,0,0,0,0,0,0,0,0,0,1,0,0,0,0,0,0,0,0,0,0,0,0,0,0,0,0,0,0,0,0,0,0,0,0,0,0,0,0,0,0,0,0,0,0,0,0,0,0,0,0,0,0,0,0,0,0,0,0,0,0,0,0,0,0,0,0,0,0,0,0,0,0,0,0,0,0,0,0,0,0,0,0,0,0,0,0,0,0,0,0,0,0,0,0,0,0,0,0,0,0,0,0,0,0,0,0,0,0,0,0,0,0,0,0,0,0,0,0,0,0,0,0,0,0,0,0,0,0,0,0,0,0,0,0
2020/1/23,0,0,0,0,0,0,0,0,0,0,0,0,0,0,0,0,0,0,0,0,0,0,0,0,0,0,0,0,0,0,0,0,0,0,0,0,0,0,0,0,0,0,0,0,0,0,1,0,0,0,0,0,0,0,0,0,0,0,0,0,0,0,0,0,0,0,0,0,0,0,0,0,0,0,0,0,0,0,0,0,0,0,0,0,0,0,0,0,0,0,0,0,0,0,0,0,0,0,0,0,0,0,0,0,0,0,0,0,0,0,0,0,0,0,0,0,0,0,0,0,0,0,0,0,0,0,0,0,0,0,0,0,0,0,0,0,0,0,0,0,0,0,0,0,0,0,0,0,0,0,0,0,0,0,0,0,0,0,0,0,0,0,0,0,0,0,0,0,0,0,0
2020/1/24,0,0,0,0,0,0,0,0,0,0,0,0,1,0,0,0,0,0,0,0,0,0,0,0,0,0,0,0,0,0,0,0,0,0,0,0,0,0,0,0,0,0,0,0,0,0,1,0,0,0,0,0,0,0,0,0,0,0,0,0,0,0,0,0,0,0,0,0,0,0,0,0,0,0,0,0,0,0,0,0,0,0,0,0,0,0,0,0,0,0,0,0,0,0,0,0,0,0,0,0,0,0,0,0,0,0,0,0,0,0,0,0,0,0,0,0,0,0,0,0,0,0,0,0,0,0,0,0,0,0,0,0,0,0,0,0,0,0,0,0,0,0,0,0,0,0,0,0,0,0,0,0,0,0,0,0,0,0,0,0,0,0,0,0,0,0,0,0,0,0,0
2020/1/25,0,0,0,0,0,0,0,0,0,0,0,0,1,0,0,0,0,0,0,0,0,0,0,0,0,0,0,0,0,0,0,0,0,0,0,0,0,0,0,0,0,0,0,0,0,0,1,0,0,0,0,0,0,0,0,0,0,0,0,0,0,0,0,0,0,0,0,0,0,0,0,0,0,0,0,0,0,0,0,0,0,0,0,0,0,0,0,0,0,0,0,0,0,0,0,0,0,0,0,0,0,0,0,0,0,0,0,0,0,0,0,0,0,0,0,0,0,0,0,0,0,0,0,0,0,0,0,0,0,0,0,0,0,0,0,0,0,0,0,0,0,0,0,0,0,0,0,0,0,0,0,0,0,0,0,0,0,0,0,0,0,0,0,0,0,0,0,0,0,0,0
2020/1/26,0,0,1,0,2,0,0,0,0,0,0,0,1,0,0,0,0,0,0,0,0,0,0,0,0,0,0,0,0,0,0,0,0,0,0,0,0,0,0,0,0,0,0,0,0,0,1,0,0,0,0,0,0,0,0,0,0,0,0,0,0,0,0,0,0,0,0,0,0,0,0,0,0,0,0,0,0,0,0,0,0,0,0,0,0,0,0,0,0,0,0,0,0,0,0,0,0,0,0,0,0,0,0,0,0,0,0,0,0,0,0,0,0,0,0,0,0,0,0,0,0,0,0,0,0,0,0,0,0,0,0,0,0,0,0,0,0,0,0,0,0,0,0,0,0,0,0,0,0,0,0,0,0,0,0,0,0,0,0,0,0,0,0,0,0,0,0,0,0,0,0
2020/1/27,0,0,1,0,2,0,0,0,0,0,0,0,1,0,0,0,0,0,0,0,0,0,0,0,0,0,0,0,0,0,0,0,0,0,0,0,0,0,0,0,0,0,0,0,0,0,1,0,0,0,0,0,0,0,0,0,0,0,0,0,0,0,0,0,0,0,0,0,0,0,0,0,0,0,0,0,0,0,0,0,0,0,0,0,0,0,0,0,0,0,0,0,0,0,0,0,0,0,0,0,0,0,0,0,0,0,0,0,0,0,0,0,0,0,0,0,0,0,0,0,0,0,0,0,0,0,0,0,0,0,0,0,0,0,0,0,0,0,0,0,0,0,0,0,0,0,0,0,0,0,0,0,0,0,0,0,0,0,0,0,0,0,0,0,0,0,0,0,0,0,0
2020/1/28,0,0,1,0,2,0,0,0,0,0,0,0,1,0,0,0,0,0,0,0,0,0,0,0,0,0,0,0,0,0,0,0,0,0,0,0,0,0,0,0,0,0,0,0,0,0,1,0,0,0,0,0,0,0,0,0,0,0,0,0,0,0,0,0,0,0,0,0,0,0,0,0,0,0,0,0,0,0,0,0,0,0,0,0,0,0,0,0,0,0,0,0,0,0,0,0,0,0,0,0,0,0,0,0,0,0,0,0,0,0,0,0,0,0,0,0,0,0,0,0,0,0,0,0,0,0,0,0,0,0,0,0,0,0,0,0,0,0,0,0,0,0,0,0,0,0,0,0,0,0,0,0,0,0,0,0,0,0,0,0,0,0,0,0,0,0,0,0,0,0,0
2020/1/29,0,0,1,0,2,0,0,0,0,0,0,0,1,0,0,0,0,0,0,0,0,0,0,0,0,0,0,0,0,0,0,0,0,0,0,0,0,0,0,0,0,0,0,0,0,0,1,0,0,0,0,0,0,0,0,0,0,0,0,0,0,0,0,0,0,0,0,0,0,0,0,0,0,0,0,0,0,0,0,0,0,0,0,0,0,0,0,0,0,0,0,0,0,0,0,0,0,0,0,0,0,0,0,0,0,0,0,0,0,0,0,0,0,0,0,0,0,0,0,0,0,0,0,0,0,0,0,0,0,0,0,0,0,0,0,0,0,0,0,0,0,0,0,0,0,0,0,0,0,0,0,0,0,0,0,0,0,0,0,0,0,0,0,0,0,0,0,0,0,0,0
2020/1/30,0,0,1,0,2,0,0,0,0,0,0,0,2,0,0,0,0,0,0,0,0,0,0,0,0,0,0,0,0,0,0,0,0,0,0,0,0,0,0,0,0,0,0,0,0,0,1,0,0,0,0,0,0,0,0,0,0,0,0,0,0,0,0,0,0,0,0,0,0,0,0,0,0,0,0,0,0,0,0,0,0,0,0,0,0,0,0,0,0,0,0,0,0,0,0,0,0,0,0,0,0,0,0,0,0,0,0,0,0,0,0,0,0,0,0,0,0,0,0,0,0,0,0,0,0,0,0,0,0,0,0,0,0,0,0,0,0,0,0,0,0,0,0,0,0,0,0,0,0,0,0,0,0,0,0,0,0,0,0,0,0,0,0,0,0,0,0,0,0,0,0
2020/1/31,0,0,1,0,3,0,0,0,0,0,0,0,2,0,0,0,0,0,0,0,0,0,0,0,0,0,0,0,0,0,0,0,0,0,0,0,0,0,0,0,0,0,0,0,0,0,1,0,0,0,0,0,0,0,0,0,0,0,0,0,0,0,0,0,0,0,0,0,0,0,0,0,0,0,0,0,0,0,0,0,0,0,0,0,0,0,0,0,0,0,0,0,0,0,0,0,0,0,0,0,0,0,0,0,0,0,0,0,0,0,0,0,0,0,0,0,0,0,0,0,0,0,0,0,0,0,0,0,0,0,0,0,0,0,0,0,0,0,0,0,0,0,0,0,0,0,0,0,0,0,0,0,0,0,0,0,0,0,0,0,0,0,0,0,0,0,0,0,0,0,0
2020/2/1,0,0,1,0,3,0,0,0,0,0,0,0,2,0,0,0,0,0,0,0,1,0,0,0,0,0,0,0,0,0,0,0,0,0,0,0,0,0,0,0,0,0,0,0,0,0,1,0,0,0,0,0,0,0,0,0,0,0,0,0,0,0,0,0,0,0,0,0,0,0,0,0,0,0,0,0,0,0,0,0,0,0,0,0,0,0,0,0,0,0,0,0,0,0,0,0,0,0,0,0,0,0,0,0,0,0,0,0,0,0,0,0,0,0,0,0,0,0,0,0,0,0,0,0,0,0,0,0,0,0,0,0,0,0,0,0,0,0,0,0,0,0,0,0,0,0,0,0,0,0,0,0,0,0,0,0,0,0,0,0,0,0,0,0,0,0,0,0,0,0,0
2020/2/2,0,0,1,0,6,0,0,0,0,0,0,0,2,0,0,0,0,0,0,0,1,0,0,0,0,0,0,0,0,0,0,0,0,0,0,0,0,0,0,0,0,0,0,0,0,0,1,0,0,0,0,0,0,0,0,0,0,0,0,0,0,0,0,0,0,0,0,0,0,0,0,0,0,0,0,0,0,0,0,0,0,0,0,0,0,0,0,0,0,0,0,0,0,0,0,0,0,0,0,0,0,0,0,0,0,0,0,0,0,0,0,0,0,0,0,0,0,0,0,0,0,0,0,0,0,0,0,0,0,0,0,0,0,0,0,0,0,0,0,0,0,0,0,0,0,0,0,0,0,0,0,0,0,0,0,0,0,0,0,0,0,0,0,0,0,0,0,0,0,0,0
2020/2/3,0,0,1,0,6,0,0,0,0,0,0,0,2,0,0,0,0,0,0,0,1,0,0,0,0,0,0,0,0,0,0,0,0,0,0,0,0,0,0,0,0,0,0,0,0,0,1,0,0,0,0,0,0,0,0,0,0,0,0,0,0,0,0,0,0,0,0,0,0,0,0,0,0,0,0,0,0,0,0,0,0,0,0,0,0,0,0,0,0,0,0,0,0,0,0,0,0,0,0,0,0,0,0,0,0,0,0,0,0,0,0,0,0,0,0,0,0,0,0,0,0,0,0,0,0,0,0,0,0,0,0,0,0,0,0,0,0,0,0,0,0,0,0,0,0,0,0,0,0,0,0,0,0,0,0,0,0,0,0,0,0,0,0,0,0,0,0,0,0,0,0
2020/2/4,0,0,1,0,6,0,0,0,0,0,0,0,2,0,0,0,0,0,0,0,1,0,0,0,0,0,0,0,0,0,0,0,0,0,0,0,0,0,0,0,0,0,0,0,0,0,1,0,0,0,0,0,0,0,0,0,0,0,0,0,0,0,0,0,0,0,0,0,0,0,0,0,0,0,0,0,0,0,0,0,0,0,0,0,0,0,0,0,0,0,0,0,0,0,0,0,0,0,0,0,0,0,0,0,0,0,0,0,0,0,0,0,0,0,0,0,0,0,0,0,0,0,0,0,0,0,0,0,0,0,0,0,0,0,0,0,0,0,0,0,0,0,0,0,0,0,0,0,0,0,0,0,0,0,0,0,0,0,0,0,1,0,0,0,0,0,0,0,0,0,0
2020/2/5,0,0,1,0,6,0,0,0,0,0,0,0,2,0,0,0,0,0,0,0,1,0,0,0,0,0,0,0,0,0,0,0,0,0,0,0,0,0,0,0,0,0,0,0,0,0,1,0,1,0,0,0,0,0,0,0,0,0,0,0,0,0,0,0,0,0,0,0,0,0,0,0,0,0,0,0,0,0,0,0,0,0,0,0,0,0,0,0,0,0,0,0,0,0,0,0,0,0,0,0,0,0,0,0,0,0,0,0,0,0,0,0,0,0,0,0,0,0,0,0,0,0,0,0,0,0,0,0,0,0,0,0,0,0,0,0,0,0,0,0,0,0,0,0,0,0,0,0,0,0,0,0,0,0,0,0,0,0,0,0,1,0,0,0,0,0,0,0,0,0,0
2020/2/6,0,0,1,0,6,0,0,0,0,0,0,0,2,0,0,0,0,0,0,0,1,0,0,0,0,0,0,0,0,0,0,0,0,0,0,0,0,0,0,0,0,0,0,0,0,0,1,0,1,0,0,0,0,0,0,0,0,0,0,0,0,0,0,0,0,0,0,0,0,0,0,0,0,0,0,0,0,0,0,0,0,0,0,0,0,0,0,0,0,0,0,0,0,0,0,0,0,0,0,0,0,0,0,0,0,0,0,0,0,0,0,0,0,0,0,0,0,0,0,0,0,0,0,0,0,0,0,0,0,0,0,0,0,0,0,0,0,0,0,0,0,0,0,0,0,0,0,0,0,0,0,0,0,0,0,0,0,0,0,0,1,0,0,0,0,0,0,0,0,0,0
2020/2/7,0,0,1,0,6,0,0,0,0,0,0,0,2,0,0,0,0,0,0,0,1,0,0,0,0,0,0,0,0,0,0,0,0,0,0,0,0,0,0,0,0,0,0,0,0,0,1,0,1,0,0,0,0,0,0,0,0,0,0,0,0,0,0,0,0,0,0,0,0,0,0,0,0,0,0,0,0,0,0,0,0,0,0,0,0,0,0,0,0,0,0,0,0,0,0,0,0,0,0,0,0,0,0,0,0,0,0,0,0,0,0,0,0,0,0,0,0,0,0,0,0,0,0,0,0,0,0,0,0,0,0,0,0,0,0,0,0,0,0,0,0,0,0,0,0,0,0,0,0,0,0,0,0,0,0,0,0,0,0,0,1,0,0,0,0,0,0,0,0,0,0
2020/2/8,0,0,1,0,6,0,0,0,0,0,0,0,2,0,0,0,0,0,0,0,1,0,0,0,0,0,0,0,0,0,0,0,0,0,0,0,0,0,0,0,0,0,0,0,0,0,1,0,1,0,0,0,0,0,0,0,0,0,0,0,0,0,0,0,0,0,0,0,0,0,0,0,0,0,0,0,0,0,0,0,0,0,0,0,0,0,0,0,0,0,0,0,0,0,0,0,0,0,0,0,0,0,0,0,0,0,0,0,0,0,0,0,0,0,0,0,0,0,0,0,0,0,0,0,0,0,0,0,0,0,0,0,0,0,0,0,0,0,0,0,0,0,0,0,0,0,0,0,0,0,0,0,0,0,0,0,0,0,0,0,1,0,0,0,0,0,0,0,0,0,0
2020/2/9,0,0,1,0,6,0,0,0,0,0,0,0,2,0,0,0,0,0,0,0,1,0,0,0,0,0,0,0,0,0,0,0,0,0,0,0,0,0,0,0,0,0,0,0,0,0,1,0,1,0,0,0,0,0,0,0,0,0,0,0,0,0,0,0,0,0,0,0,0,0,0,0,0,0,0,0,0,0,0,0,0,0,0,0,0,0,0,0,0,0,0,0,0,0,0,0,0,0,0,0,0,0,0,0,0,0,0,0,0,0,0,0,0,0,0,0,0,0,0,0,0,0,0,0,0,0,0,0,0,0,0,0,0,0,0,0,0,0,0,0,0,0,0,0,0,0,0,0,0,0,0,0,0,0,0,0,0,0,0,0,1,0,0,0,0,0,0,0,0,0,0
2020/2/10,0,0,1,0,6,0,0,0,0,0,0,0,2,0,0,0,0,0,0,0,1,0,0,0,0,0,0,0,0,0,0,0,0,0,0,0,0,0,0,0,0,0,0,0,0,0,1,0,1,0,0,0,0,0,0,0,1,0,0,0,0,0,0,0,0,0,0,0,0,0,0,0,0,0,0,0,0,0,0,0,0,0,0,0,0,0,0,0,0,0,0,0,0,0,0,0,0,0,0,0,0,0,0,0,0,0,0,0,0,0,0,0,0,0,0,0,0,0,0,0,0,0,0,0,0,0,0,0,0,0,0,0,0,0,0,0,0,0,0,0,0,0,0,0,0,0,0,0,0,0,0,0,0,0,0,0,0,0,0,0,1,0,0,0,0,0,0,0,0,0,0
2020/2/11,0,0,1,0,6,0,0,0,0,0,0,0,2,0,0,0,0,0,0,0,1,0,0,0,0,0,0,0,0,0,0,0,0,0,0,0,0,0,0,0,0,0,0,0,0,0,1,0,1,0,0,0,0,0,0,0,1,0,0,0,0,0,0,0,0,0,0,0,0,0,0,0,0,0,0,0,0,0,0,0,0,0,0,0,0,0,0,0,0,0,0,0,0,0,0,0,0,0,0,0,0,0,0,0,0,0,0,0,0,0,0,0,0,0,0,0,0,0,0,0,0,0,0,0,0,0,0,0,0,0,0,0,0,0,0,0,0,0,0,0,0,0,0,0,0,0,0,0,0,0,0,0,0,0,0,0,0,0,0,0,1,0,0,0,0,0,0,0,0,0,0
2020/2/12,0,0,1,0,6,0,0,0,0,0,0,0,2,0,0,0,0,0,0,0,1,0,0,0,0,0,0,0,0,0,0,0,0,0,0,0,0,0,0,0,0,0,0,0,0,0,1,0,1,0,0,0,0,0,0,0,2,0,0,0,0,0,0,0,0,0,0,0,0,0,0,0,0,0,0,0,0,0,0,0,0,0,0,0,0,0,0,0,0,0,0,0,0,0,0,0,0,0,0,0,0,0,0,0,0,0,0,0,0,0,0,0,0,0,0,0,0,0,0,0,0,0,0,0,0,0,0,0,0,0,0,0,0,0,0,0,0,0,0,0,0,0,0,0,0,0,0,0,0,0,0,0,0,0,0,0,0,0,0,0,1,0,0,0,0,0,0,0,0,0,0
2020/2/13,0,0,1,0,6,0,0,0,0,0,0,0,2,0,0,0,0,0,0,0,1,0,0,0,0,0,0,0,0,0,0,0,0,0,0,0,0,0,0,0,0,0,0,0,0,0,1,0,1,0,0,0,0,0,0,0,3,0,0,0,0,0,0,0,0,0,0,0,0,0,0,0,0,0,0,0,0,0,0,0,0,0,0,0,0,0,0,0,0,0,0,0,0,0,0,0,0,0,0,0,0,0,0,0,0,0,0,0,0,0,0,0,0,0,0,0,0,0,0,0,0,0,0,0,0,0,0,0,0,0,0,0,0,0,0,0,0,0,0,0,0,0,0,0,0,0,0,0,0,0,0,0,0,0,0,0,0,0,0,0,1,0,0,0,0,0,0,0,0,0,2
2020/2/14,0,0,1,0,6,0,0,0,0,0,0,0,2,0,0,0,0,0,0,0,1,0,0,0,0,0,0,0,0,0,0,0,0,0,0,0,0,0,0,0,0,0,0,0,0,0,1,0,1,0,0,0,0,0,0,0,3,0,0,0,0,0,0,0,0,0,0,0,0,0,0,0,0,0,0,0,0,0,0,0,0,0,0,0,0,0,0,0,0,0,0,0,0,0,0,0,0,0,0,0,0,0,0,0,0,0,0,0,0,0,0,0,0,0,0,0,0,0,0,0,0,0,0,0,0,0,0,0,0,0,0,0,0,0,0,0,0,0,0,0,0,0,0,0,0,0,0,0,0,0,0,0,0,0,0,0,0,0,0,0,1,0,0,0,0,0,0,0,0,0,2
2020/2/15,0,0,1,0,6,0,0,0,0,0,0,0,2,0,0,0,0,0,0,0,1,0,0,0,0,0,0,0,0,0,0,0,0,0,0,0,0,0,0,0,0,0,0,0,0,0,1,0,1,0,0,0,0,0,0,0,3,0,0,0,0,0,0,0,0,0,0,0,0,0,0,0,0,0,0,0,0,0,0,0,0,0,0,0,0,0,0,0,0,0,0,0,0,0,0,0,0,0,0,0,0,0,0,0,0,0,0,0,0,0,0,0,0,0,0,0,0,0,0,0,0,0,0,0,0,0,0,0,0,0,0,0,0,0,0,0,0,0,0,0,0,0,0,0,0,0,0,0,0,0,0,0,0,0,0,0,0,0,0,0,1,0,0,0,0,0,0,0,0,0,2
2020/2/16,0,0,1,0,6,0,0,0,0,0,0,0,2,0,0,0,0,0,0,0,1,0,0,0,0,0,0,0,0,0,0,0,0,0,0,0,0,0,0,0,0,0,0,0,0,0,1,0,1,0,0,0,0,0,0,0,3,0,0,0,0,0,0,0,0,0,0,0,0,0,0,0,0,0,0,0,0,0,0,0,0,0,0,0,0,0,0,0,0,0,0,0,0,0,0,0,0,0,0,0,0,0,0,0,0,0,0,0,0,0,0,0,0,0,0,0,0,0,0,0,0,0,0,0,0,0,0,0,0,0,0,0,0,0,0,0,0,0,0,0,0,0,0,0,0,0,0,0,0,0,0,0,0,0,0,0,0,0,0,0,1,0,0,0,0,0,0,0,0,0,2
2020/2/17,0,0,1,0,6,0,0,0,0,0,0,0,2,0,0,0,0,0,0,0,1,0,0,0,0,0,0,0,0,0,0,0,0,0,0,0,0,0,0,0,0,0,0,0,0,0,1,0,1,0,0,0,0,0,0,0,3,0,0,0,0,0,0,0,0,0,0,0,0,0,0,0,0,0,0,0,0,0,0,0,0,0,0,0,0,0,0,0,0,0,0,0,0,0,0,0,0,0,0,0,0,0,0,0,0,0,0,0,0,0,0,0,0,0,0,0,0,0,0,0,0,0,0,0,0,0,0,0,0,0,0,0,0,0,0,0,0,0,0,0,0,0,0,0,0,0,0,0,0,0,0,0,0,0,0,0,0,0,0,0,1,0,0,0,0,0,0,0,0,0,2
2020/2/18,0,0,1,0,6,0,0,0,0,0,0,0,2,0,0,0,0,0,0,0,1,0,0,0,0,0,0,0,0,0,0,0,0,0,0,0,0,0,0,0,0,0,0,0,0,0,1,0,1,0,0,0,0,0,0,0,4,0,0,0,0,0,0,0,0,0,0,0,0,0,0,0,0,0,0,0,0,0,0,0,0,0,0,0,0,0,0,0,0,0,0,0,0,0,0,0,0,0,0,0,0,0,0,0,0,0,0,0,0,0,0,0,0,0,0,0,0,0,0,0,0,0,0,0,0,0,0,0,0,0,0,0,0,0,0,0,0,0,0,0,0,0,0,0,0,0,0,0,0,0,0,0,0,0,0,0,0,0,0,0,1,0,0,0,0,0,0,0,0,0,2
2020/2/19,0,0,1,0,6,0,0,0,0,0,0,0,2,0,0,0,0,0,0,0,1,0,0,0,0,0,0,0,0,0,0,0,0,0,0,0,0,0,0,0,0,0,0,0,0,0,1,0,1,0,0,0,0,0,0,0,4,0,0,0,0,0,0,0,0,0,0,0,0,0,0,0,0,0,0,0,0,0,0,0,0,0,0,0,0,0,0,0,0,0,0,0,0,0,0,0,0,0,0,0,0,0,0,0,0,0,0,0,0,0,0,0,0,0,0,0,0,0,0,0,0,0,0,0,0,0,0,0,0,0,0,0,0,0,0,0,0,0,0,0,0,0,0,0,0,0,0,0,0,0,0,0,0,0,0,0,0,0,0,0,1,0,0,0,0,0,0,0,0,0,2
2020/2/20,0,0,1,0,7,0,0,0,0,0,0,0,2,0,0,0,0,0,0,0,1,0,0,0,0,0,0,0,0,0,0,0,0,0,0,0,0,0,0,0,0,0,0,0,0,0,1,0,1,0,0,0,0,0,0,0,4,0,0,0,0,0,0,0,0,0,0,0,0,0,0,0,0,0,0,0,0,0,0,0,0,0,0,0,0,0,0,0,0,0,0,0,0,0,0,0,0,0,0,0,0,0,0,0,0,0,0,0,0,0,0,0,0,0,0,0,0,0,0,0,0,0,0,0,0,0,0,0,0,0,0,0,0,0,0,0,0,0,0,0,0,0,0,0,0,0,0,0,0,0,0,0,0,0,0,0,0,0,0,0,1,0,0,0,0,0,0,0,0,0,2
2020/2/21,0,0,1,0,8,0,0,0,0,0,0,0,2,0,0,0,0,0,0,0,1,0,0,0,0,0,0,0,0,0,0,0,0,0,0,0,0,0,0,0,0,0,0,0,0,0,1,0,1,0,0,0,0,0,0,0,21,0,0,0,0,0,0,0,0,0,0,0,0,0,0,0,0,0,0,0,0,0,0,0,0,0,0,0,0,0,0,0,0,0,0,0,0,0,0,0,0,0,0,0,0,0,0,0,0,0,0,0,0,0,0,0,0,0,0,0,0,0,0,0,0,0,0,0,0,0,0,0,0,0,0,0,0,0,0,0,0,0,0,0,0,0,0,0,0,0,0,0,0,0,0,0,0,0,0,0,0,0,0,0,1,0,0,0,0,0,0,0,0,0,2
2020/2/22,0,0,1,0,8,0,0,0,0,0,0,0,2,0,0,0,0,0,0,0,1,0,0,0,0,0,0,0,0,0,0,0,0,0,0,0,0,0,0,0,0,0,0,0,0,0,1,0,1,0,0,0,0,0,0,0,21,0,0,0,0,0,0,0,0,0,0,0,0,0,0,0,0,0,0,0,0,0,0,0,0,0,0,0,0,0,0,0,0,0,0,0,0,0,0,0,0,0,0,0,0,0,0,0,0,0,0,0,0,0,0,0,0,0,0,0,0,0,0,0,0,0,0,0,0,0,0,0,0,0,0,0,0,0,0,0,0,0,0,0,0,0,0,0,0,0,0,0,0,0,0,0,0,0,0,0,0,0,0,0,1,0,0,0,0,0,0,0,0,0,2
2020/2/23,0,0,1,0,8,0,0,0,0,0,0,0,2,0,0,0,0,0,0,0,1,0,0,0,0,0,0,0,0,0,0,0,0,0,0,0,0,0,0,0,0,0,0,0,0,0,1,0,1,0,0,0,0,0,0,0,21,0,0,0,0,0,0,0,0,0,0,0,0,0,0,0,0,0,0,0,0,0,0,0,0,0,0,0,0,0,0,0,0,0,0,0,0,0,0,0,0,0,0,0,0,0,0,0,0,0,0,0,0,0,0,0,0,0,0,0,0,0,0,0,0,0,0,0,0,0,0,0,0,0,0,0,0,0,0,0,0,0,0,0,0,0,0,0,0,0,0,0,0,0,0,0,0,0,0,0,0,0,0,0,1,0,0,0,0,0,0,0,0,0,2
2020/2/24,0,0,1,0,8,0,0,0,0,0,0,0,2,0,0,0,0,0,0,0,1,0,0,0,0,0,0,0,0,0,0,0,0,0,0,0,0,0,0,0,0,0,0,0,0,0,1,0,1,0,0,0,0,0,0,0,39,0,0,0,0,0,0,0,0,0,0,0,0,0,0,0,0,0,0,0,0,0,0,0,0,0,0,0,0,0,0,0,0,0,0,0,0,0,0,0,0,0,0,0,0,0,0,0,0,0,0,0,0,0,0,0,0,0,0,0,0,0,0,0,0,0,0,0,0,0,0,0,0,0,0,0,0,0,0,0,0,0,0,0,0,0,0,0,0,0,0,0,0,0,0,0,0,0,0,0,0,0,0,0,1,0,0,0,0,0,0,0,0,0,2
2020/2/25,0,0,1,0,8,0,0,0,0,0,0,0,2,0,0,0,0,0,0,0,1,0,0,0,0,0,0,0,0,0,0,0,0,0,0,0,0,0,0,0,0,0,0,0,0,0,1,0,1,0,0,0,0,0,0,0,43,0,0,0,0,0,0,0,0,0,0,0,0,0,0,0,0,0,0,0,0,0,0,0,0,0,0,0,0,0,0,0,0,0,0,0,0,0,0,0,0,0,0,0,0,0,0,0,0,0,0,0,0,0,0,0,0,0,0,0,0,0,0,0,0,0,0,0,0,0,0,0,0,0,0,0,0,0,0,0,0,0,0,0,0,0,0,0,0,0,0,0,0,0,0,0,0,0,0,0,0,0,0,0,1,0,0,0,0,0,0,0,0,0,2
2020/2/26,0,0,1,0,9,0,0,0,0,0,0,0,2,0,0,0,0,0,0,0,1,0,0,0,0,0,0,0,0,0,0,0,0,0,0,0,0,0,0,0,0,0,0,0,0,0,1,0,1,0,0,0,0,0,0,0,45,0,0,0,0,0,0,0,0,0,0,0,0,0,0,0,0,0,0,0,0,0,0,0,0,0,0,0,0,0,0,0,0,0,0,0,0,0,0,0,0,0,0,0,0,0,0,0,0,0,0,0,0,0,0,0,0,0,0,0,0,0,0,0,0,0,0,0,0,0,0,0,0,0,0,0,0,0,0,0,0,0,0,0,0,0,0,0,0,0,0,0,0,0,0,0,0,0,0,0,0,0,0,0,1,0,0,0,0,0,0,0,0,0,2
2020/2/27,0,0,1,0,10,0,0,0,0,0,0,0,2,0,0,0,0,0,0,0,1,0,0,0,0,0,0,0,0,0,0,0,0,0,0,0,0,0,0,0,0,0,0,0,0,0,1,0,1,0,0,0,0,0,0,0,45,0,0,0,0,0,0,0,0,0,0,0,0,0,0,0,0,0,0,0,0,0,0,0,0,0,0,0,0,0,0,0,0,0,0,0,0,0,0,0,0,0,0,0,0,0,0,0,0,0,0,0,0,0,0,0,0,0,0,0,0,0,0,0,0,0,0,0,0,0,0,0,0,0,0,0,0,0,0,0,0,0,0,0,0,0,0,0,0,0,0,0,0,0,0,0,0,0,0,0,0,0,0,0,1,0,0,0,0,0,0,0,0,0,2
2020/2/28,0,0,1,0,11,0,0,0,0,0,0,0,2,0,0,0,0,0,0,0,1,0,0,0,0,0,0,0,0,0,0,0,0,0,0,0,1,0,0,0,0,0,0,0,0,0,3,0,1,0,0,0,0,0,0,0,47,0,0,0,0,0,0,0,0,0,0,0,0,0,0,0,0,0,0,0,0,0,0,0,0,0,0,0,0,0,0,0,0,0,0,0,0,0,0,0,0,0,0,0,0,0,0,0,0,0,0,0,0,0,0,0,0,0,0,0,0,0,0,0,0,0,0,0,0,0,0,0,0,0,0,0,0,0,0,0,0,0,0,0,0,0,0,0,0,0,0,0,0,0,0,0,0,0,0,0,0,0,0,0,1,0,0,0,0,0,0,0,0,0,6
2020/2/29,0,0,1,0,12,0,0,0,0,0,0,0,3,0,0,0,0,0,0,0,1,0,0,0,0,0,0,0,0,0,0,0,0,0,0,0,1,0,0,0,0,0,0,0,0,0,6,0,1,0,0,0,0,0,0,0,47,0,0,0,0,0,0,0,0,0,0,0,0,0,0,0,0,0,0,0,0,0,0,0,0,0,0,0,0,0,0,0,0,0,0,0,0,0,0,0,0,0,0,0,0,0,0,1,0,0,0,0,0,0,0,0,0,0,0,0,0,0,0,0,0,0,0,0,0,0,0,0,0,0,0,0,0,0,0,0,0,0,0,0,0,0,0,0,0,0,0,0,0,0,0,0,0,0,0,0,0,0,0,0,1,0,0,0,0,0,0,0,0,0,6
2020/3/1,0,0,1,0,17,0,0,0,2,0,0,0,3,0,0,0,0,0,0,0,1,0,0,0,0,0,0,0,0,0,0,1,0,0,0,0,2,0,2,0,0,0,0,0,0,0,13,0,1,0,0,0,0,0,0,0,49,0,0,0,0,0,0,0,0,0,0,0,0,0,0,0,0,0,0,0,0,0,0,0,0,0,0,0,0,0,0,0,0,0,0,0,0,0,0,0,0,0,0,0,0,0,0,2,0,0,0,0,0,0,0,0,0,0,0,0,0,0,0,0,0,0,0,0,0,0,0,0,0,0,0,0,0,0,0,0,0,0,0,0,0,0,0,0,0,0,0,0,0,0,0,0,0,0,0,0,0,0,0,0,1,0,0,0,0,0,0,0,0,0,8
2020/3/2,0,0,1,0,24,0,0,0,2,2,0,0,4,0,0,0,0,0,0,0,2,0,0,0,0,0,0,0,1,0,0,1,0,0,0,0,3,0,2,0,0,0,0,0,0,0,18,0,1,0,0,0,0,0,0,0,49,0,0,0,0,0,0,0,0,0,0,0,0,0,0,0,0,0,0,0,0,0,0,0,0,0,0,0,0,0,0,0,0,0,0,0,0,0,0,0,0,0,0,0,0,0,0,6,0,0,0,0,0,0,0,0,0,0,0,0,0,0,0,0,0,0,0,0,0,0,0,0,0,0,0,0,0,0,0,0,0,0,0,0,0,0,0,0,0,0,0,0,0,0,0,0,0,0,0,0,0,0,0,0,1,0,0,0,0,0,0,0,0,0,8
2020/3/3,0,0,2,0,32,0,0,0,3,2,0,0,4,0,0,0,0,0,0,0,2,0,0,0,0,0,0,0,2,0,0,2,1,0,0,0,3,0,2,0,0,0,0,0,0,0,28,0,1,0,0,0,0,0,0,0,49,0,0,0,0,0,0,0,0,0,0,0,0,0,0,0,0,0,0,0,0,0,0,0,0,0,0,0,0,0,0,0,0,0,0,0,0,0,0,0,0,0,0,0,0,0,0,9,0,0,0,0,0,0,0,0,0,0,0,0,0,0,0,0,0,0,0,0,0,0,0,0,0,0,0,0,0,0,0,0,0,0,0,0,0,0,0,0,0,0,0,0,0,0,0,0,0,0,0,0,0,0,0,0,1,0,0,0,0,0,0,0,0,0,8
2020/3/4,0,0,2,0,40,0,0,0,3,2,0,0,4,0,0,0,0,0,0,0,2,0,0,0,0,0,0,0,2,1,0,11,1,0,0,0,3,0,2,0,0,0,1,0,0,0,41,0,1,0,0,0,0,0,0,0,49,0,0,0,0,1,0,0,0,0,0,0,0,0,0,0,0,0,0,0,0,0,0,0,0,0,0,0,0,0,0,0,0,0,0,0,0,0,0,0,0,0,0,0,0,0,0,10,0,0,0,0,0,0,0,0,0,0,0,0,0,0,0,0,0,0,0,0,0,0,0,0,0,0,0,0,0,0,0,0,0,0,0,0,0,0,0,0,0,0,0,0,0,0,0,0,0,0,0,0,0,0,0,0,1,0,0,0,0,0,0,0,0,0,8
2020/3/5,0,0,2,0,53,2,0,0,9,2,0,0,5,0,0,0,0,0,0,3,4,0,0,0,0,0,0,0,2,2,0,22,1,0,0,0,3,0,2,0,0,1,4,0,0,0,71,0,1,0,0,0,0,0,0,0,50,0,0,0,0,1,0,0,0,0,0,0,0,0,0,0,0,0,0,0,0,0,0,0,0,0,0,0,0,0,0,0,0,0,0,0,0,0,0,0,0,0,0,0,0,0,0,13,0,0,0,0,0,0,0,0,0,0,0,0,0,0,0,0,0,0,0,0,0,0,0,0,0,0,0,0,0,0,0,0,0,0,0,0,0,0,0,0,0,0,0,0,0,0,0,0,0,0,0,0,0,0,0,0,1,0,0,0,0,0,0,0,0,0,8
2020/3/6,0,0,3,0,72,8,0,0,12,3,1,0,6,1,0,0,1,0,0,3,8,0,1,0,0,0,1,0,2,4,0,44,2,0,0,1,3,2,3,2,0,1,8,1,0,0,81,0,1,0,0,0,0,0,0,0,75,0,0,0,0,1,0,0,0,2,0,0,0,0,0,0,0,0,0,0,0,0,0,0,0,0,0,0,0,0,0,0,0,0,0,0,0,0,0,0,0,0,0,0,0,0,0,14,0,0,0,0,0,0,0,0,0,0,0,0,0,0,0,0,0,0,0,0,0,0,0,0,0,0,0,0,0,0,0,0,0,0,0,0,0,0,0,0,0,0,0,0,0,0,0,0,0,0,0,0,0,0,0,0,1,0,0,0,0,0,0,0,0,0,14
2020/3/7,0,0,5,0,89,8,0,0,17,8,1,0,6,1,0,1,1,0,0,3,13,0,1,0,1,0,1,0,4,4,0,89,2,0,0,1,7,4,3,2,0,1,8,1,1,1,105,0,1,0,1,0,0,0,0,0,68,0,0,0,0,1,0,0,0,2,0,0,0,0,0,0,0,0,0,0,0,0,0,0,0,0,0,0,0,0,0,0,0,0,0,0,0,0,0,0,0,0,0,0,0,0,0,14,0,0,0,0,0,0,0,0,0,2,0,0,0,0,0,0,0,0,0,0,0,0,0,0,0,0,0,0,0,0,0,0,0,0,0,0,0,0,0,0,0,0,0,0,0,0,0,0,0,0,0,0,0,0,0,0,1,0,0,0,0,0,0,0,0,0,14
2020/3/8,0,0,5,0,104,8,1,0,18,12,2,0,7,4,3,1,4,0,0,5,32,0,2,0,1,0,3,0,4,6,0,108,2,0,0,1,14,6,3,7,0,3,12,1,1,3,123,0,1,0,1,0,0,0,0,0,64,0,0,0,0,1,0,0,0,2,0,0,0,0,0,0,0,0,0,0,0,0,0,0,0,0,0,0,0,0,0,0,0,0,0,0,0,0,0,0,0,0,0,0,0,0,0,14,0,0,0,0,0,0,0,0,0,5,0,0,0,0,0,0,0,0,0,0,0,0,0,0,0,0,0,0,0,0,0,0,0,0,0,0,0,0,0,0,0,0,0,0,0,0,0,0,0,0,0,0,0,0,0,0,1,0,0,0,0,0,0,0,0,0,14
2020/3/9,0,0,6,0,144,12,2,0,19,17,2,0,11,5,8,1,6,1,0,6,41,0,2,0,1,0,3,0,4,11,0,143,7,0,3,1,14,10,3,7,0,4,13,1,1,5,162,0,2,0,4,0,0,0,0,0,73,0,0,0,0,1,0,0,0,2,0,0,0,0,0,0,0,0,0,0,0,0,0,0,0,0,0,0,0,0,0,0,0,0,0,0,0,0,0,0,0,0,0,0,0,0,0,14,0,0,0,0,0,0,0,0,0,10,0,0,0,0,0,0,0,0,0,0,0,0,0,0,0,0,0,0,0,0,0,0,0,0,0,0,0,0,0,0,0,0,0,0,0,0,0,0,0,0,0,0,0,0,0,0,1,0,0,0,0,0,0,0,0,0,14
2020/3/10,0,0,6,0,157,18,2,0,28,22,2,0,19,6,13,1,8,6,0,9,92,2,3,0,1,0,5,0,5,15,0,176,7,0,3,2,15,14,5,9,5,7,21,2,1,9,275,0,3,0,4,0,0,0,0,0,76,0,0,0,0,3,0,0,0,2,0,0,0,0,0,0,0,0,0,0,0,0,0,0,0,0,0,0,0,0,1,0,0,0,0,0,0,0,0,0,0,1,0,0,0,0,0,24,0,0,0,0,0,0,0,0,0,0,0,0,0,0,0,0,0,0,0,0,0,0,0,0,0,0,0,0,0,0,0,0,0,0,0,0,0,0,0,0,0,0,0,0,0,0,0,0,0,0,0,0,0,0,0,0,1,0,0,0,0,0,0,0,0,0,14
2020/3/11,0,0,9,1,178,34,3,1,30,31,2,0,25,11,14,1,8,13,0,12,95,2,5,1,1,0,10,7,5,23,4,219,9,1,5,2,21,16,5,10,8,9,23,3,2,9,373,0,6,1,10,0,0,0,0,0,71,0,0,0,0,4,0,0,0,2,0,0,0,0,0,0,0,0,0,0,0,0,0,0,0,0,0,0,0,0,1,0,0,0,0,0,0,0,0,0,0,1,0,0,0,0,0,30,0,0,0,0,0,0,0,0,0,0,0,0,0,0,0,0,0,0,0,0,0,0,0,0,0,0,0,0,0,0,0,0,0,0,0,0,0,0,0,0,0,0,0,0,0,0,0,0,0,0,0,0,0,0,0,0,1,0,0,0,0,0,0,0,0,0,14
2020/3/12,0,1,9,6,242,50,5,4,50,38,2,0,32,13,16,5,11,19,1,12,108,12,9,1,2,1,11,11,6,31,6,325,17,1,5,3,24,22,5,12,8,18,32,5,2,18,457,0,8,1,10,0,0,0,0,0,70,0,0,0,0,4,0,0,0,2,1,0,0,0,0,0,1,0,0,0,0,0,0,0,0,0,0,0,0,0,1,0,0,0,0,0,0,0,0,0,0,1,0,0,0,0,0,31,0,0,0,0,0,0,0,0,0,0,0,0,0,0,0,0,0,0,0,0,0,0,0,0,0,0,0,0,0,0,0,0,0,0,0,0,0,0,0,0,0,0,0,0,0,0,0,0,0,0,0,0,0,0,0,0,1,0,0,0,0,0,0,0,0,0,30
2020/3/13,6,1,10,9,299,77,12,4,51,42,2,1,46,13,17,6,14,36,3,19,123,25,14,6,4,5,14,20,6,50,10,422,19,1,16,4,32,41,14,13,9,26,49,9,2,30,569,0,19,2,10,0,0,0,3,0,70,0,0,0,0,5,1,0,0,3,1,0,0,0,0,0,1,0,0,0,0,0,0,0,0,0,0,0,0,0,1,0,0,0,0,0,0,0,0,0,0,1,0,0,0,0,0,37,0,0,0,0,0,0,0,0,0,0,0,0,0,0,0,0,0,0,0,0,0,0,0,0,0,0,0,0,0,0,0,0,0,0,0,0,0,0,0,0,0,0,0,0,0,0,0,0,0,0,0,0,0,0,0,0,1,0,0,0,0,0,0,0,0,0,40
2020/3/14,12,1,12,12,372,101,23,6,116,75,6,5,66,16,18,8,18,77,6,28,138,33,21,6,5,7,17,21,7,70,13,613,26,1,28,4,36,47,20,19,9,32,63,24,5,41,642,0,27,3,16,0,0,0,3,1,69,0,0,0,0,5,1,0,0,4,1,0,0,0,0,0,1,0,1,0,0,0,0,0,0,0,0,0,0,0,2,0,2,0,0,0,0,1,0,0,0,1,0,0,0,0,1,40,0,0,0,0,0,0,0,0,0,0,0,0,0,0,0,0,0,0,0,0,0,0,0,0,0,0,0,0,0,0,0,0,0,0,0,0,0,0,0,0,0,0,0,0,0,0,0,0,0,0,0,0,0,0,0,0,1,0,0,0,0,0,0,0,0,0,55
2020/3/15,22,1,13,16,454,135,26,7,149,111,7,5,93,21,22,9,21,103,12,34,164,53,35,10,5,7,18,26,13,109,17,746,33,1,37,7,39,66,20,28,9,39,76,28,8,45,769,0,34,3,17,0,3,0,5,1,70,0,0,0,0,6,1,0,0,5,1,0,0,0,0,0,1,0,2,0,0,0,0,0,0,0,0,0,0,0,2,0,6,0,0,0,0,1,0,0,0,1,0,0,0,0,1,42,0,0,0,0,0,0,0,0,0,0,0,0,0,0,0,0,0,0,0,0,0,0,0,0,0,0,0,0,0,0,0,0,0,0,0,0,0,0,0,0,0,0,0,0,0,0,0,0,0,0,0,0,0,0,0,0,1,0,0,0,0,0,0,0,0,0,72
2020/3/16,29,3,18,22,564,160,41,8,162,123,10,5,106,25,23,11,25,136,17,42,197,58,54,12,9,9,18,45,17,179,21,969,41,1,50,10,47,82,21,34,10,52,95,39,12,52,904,0,48,10,22,0,3,0,5,1,70,0,0,0,0,11,1,0,0,5,1,0,0,0,1,0,1,1,3,0,0,0,0,0,0,0,0,0,1,0,3,0,10,0,0,0,0,1,0,0,1,1,0,1,0,0,2,48,0,0,0,0,0,0,0,0,0,0,0,0,0,0,0,0,0,0,0,0,0,0,0,0,0,0,0,0,0,0,0,0,0,0,0,0,0,0,0,0,0,0,0,0,0,0,0,0,0,0,0,0,0,0,0,0,1,0,0,0,0,0,0,0,0,0,73
2020/3/17,39,6,21,22,718,185,68,16,217,146,14,9,161,30,29,18,27,196,32,60,218,65,60,21,16,10,24,56,26,267,23,1708,66,5,67,19,68,115,23,47,11,78,132,51,17,67,1014,1,90,15,31,0,5,0,5,2,71,0,0,0,0,13,2,0,0,7,1,0,0,1,2,0,1,1,4,0,0,0,0,0,0,0,0,0,1,0,3,0,16,0,0,0,0,2,0,0,1,1,0,2,0,0,2,55,0,0,0,0,0,0,0,0,0,0,0,0,0,0,0,0,0,0,0,0,0,0,0,0,0,0,0,0,0,0,0,0,0,0,0,0,0,0,0,0,0,0,0,0,0,0,0,0,0,0,0,0,0,0,0,0,1,0,0,0,0,0,0,0,0,0,105
2020/3/18,52,9,29,37,861,221,97,26,328,197,16,11,290,39,39,22,35,280,42,85,256,119,76,34,24,11,29,84,39,427,28,3086,92,7,89,31,75,157,33,60,11,100,223,66,19,79,1187,2,114,18,40,0,5,0,5,2,72,0,0,0,0,16,2,1,0,8,4,0,0,1,2,0,1,1,8,0,1,0,1,0,0,1,0,0,1,0,5,0,20,0,0,0,0,3,1,0,1,1,0,3,0,0,2,68,0,0,0,0,0,0,0,0,0,0,0,0,0,0,0,0,0,0,0,0,0,0,0,0,0,0,0,0,0,0,0,0,0,0,0,0,0,0,0,0,0,0,0,0,0,0,0,0,0,0,0,0,0,0,0,0,1,0,0,0,0,0,0,0,0,0,107
2020/3/19,78,12,53,62,1041,277,159,30,432,288,26,23,423,61,44,36,50,392,52,107,328,334,89,52,41,15,32,95,44,742,35,5712,139,19,120,44,88,206,44,81,14,155,321,78,22,104,1377,5,160,18,71,0,12,0,5,3,81,0,0,0,0,19,4,3,0,9,10,0,0,4,2,0,1,2,10,0,1,0,3,0,1,1,0,0,1,0,9,0,38,0,0,1,1,3,1,0,1,1,0,5,0,2,2,74,0,2,0,0,0,0,0,0,0,1,0,0,0,0,0,0,0,0,0,0,0,0,0,0,0,0,0,0,0,0,0,0,0,0,0,0,0,0,0,0,0,0,0,0,0,0,0,0,0,0,0,0,0,0,0,0,1,0,0,0,0,0,0,0,0,0,124
2020/3/20,106,12,79,100,1249,363,194,39,563,485,37,36,585,86,45,48,64,537,56,149,413,552,115,80,73,20,38,157,55,890,43,8515,189,26,174,49,114,311,54,126,14,265,430,112,29,125,1524,8,219,22,77,0,14,0,14,3,75,0,0,1,0,24,4,4,0,11,14,0,0,5,3,0,1,2,14,0,2,1,3,0,1,3,0,0,2,0,11,0,56,0,0,3,1,4,1,0,3,1,1,5,0,2,2,83,0,3,0,1,0,0,0,0,0,1,0,0,0,0,0,0,0,0,0,0,0,0,0,0,0,0,0,0,0,0,0,0,0,0,0,0,0,0,0,0,0,0,0,0,0,0,0,0,0,0,0,0,0,0,0,0,1,0,0,0,0,0,0,0,0,0,146
2020/3/21,131,21,104,122,1515,476,223,45,763,555,48,42,753,128,70,57,87,763,70,193,529,808,137,140,86,30,51,157,65,1327,57,12322,283,28,248,53,137,399,66,174,14,371,557,136,49,158,1793,12,282,24,98,0,15,0,21,6,82,0,0,1,0,28,6,5,0,13,20,0,0,6,4,0,2,3,20,0,3,2,8,1,1,3,0,0,2,0,16,0,76,0,0,3,1,4,2,0,3,1,1,5,0,2,3,94,0,4,0,1,0,0,0,1,0,1,0,0,0,0,0,0,0,0,0,0,0,0,0,0,0,0,0,0,0,0,0,0,0,0,0,0,0,0,0,0,0,0,0,0,0,0,0,0,0,0,0,0,0,0,0,0,1,0,0,0,0,0,0,0,0,0,177
2020/3/22,157,32,152,165,1812,595,327,56,1007,621,56,51,1050,204,90,67,103,837,89,249,646,1038,169,207,150,34,51,191,78,1914,65,16916,311,30,356,68,161,516,83,196,21,505,668,181,52,221,1996,16,383,26,120,0,27,0,23,6,81,0,0,2,0,35,7,8,0,13,25,0,0,9,7,0,2,3,20,0,3,5,9,1,1,3,0,0,2,0,21,0,153,0,0,3,2,5,5,0,3,1,2,8,1,2,6,95,0,4,0,2,0,1,0,1,0,1,0,0,0,0,0,0,0,0,0,0,0,0,0,0,0,0,0,0,0,0,0,0,0,0,0,0,0,0,0,0,0,0,0,0,0,0,0,0,0,0,0,0,0,0,0,0,1,0,0,0,0,0,0,0,0,0,177
2020/3/23,196,36,235,197,2220,723,415,87,1227,803,77,68,1285,271,105,85,124,1172,107,290,777,1329,235,249,216,46,64,263,101,2844,83,23230,420,33,443,81,191,698,106,298,28,615,803,257,75,254,2221,20,425,28,141,0,29,0,31,17,81,0,0,3,0,43,7,10,0,18,26,0,0,12,7,0,2,4,35,0,3,9,15,1,1,5,0,0,4,1,27,0,188,0,0,6,2,5,7,0,5,1,2,9,1,5,7,111,0,5,0,2,0,1,0,2,0,1,0,0,0,0,0,0,0,0,0,0,0,0,0,0,0,0,0,0,0,0,0,0,0,0,0,0,0,0,0,0,0,0,0,0,0,0,0,0,0,0,0,0,0,0,0,0,1,0,0,0,0,0,0,0,0,0,332
2020/3/24,242,42,326,232,2628,912,618,104,1467,1097,90,81,1537,369,125,102,163,1388,118,352,1159,1795,262,320,278,51,71,285,108,3675,100,26376,512,36,567,106,211,946,124,342,30,780,1027,298,95,304,2472,39,481,37,187,0,32,0,39,17,81,0,0,6,2,54,11,12,0,23,38,0,0,16,12,1,2,4,46,0,4,11,24,1,1,8,0,0,6,1,44,0,271,0,0,8,3,8,8,0,7,1,2,13,1,7,9,125,0,5,0,2,0,1,0,2,0,2,0,0,0,0,0,0,0,0,0,0,0,0,0,0,0,0,0,0,0,0,0,0,0,0,0,0,0,0,0,0,0,0,0,0,0,0,0,0,0,0,0,0,0,0,0,0,1,0,0,0,0,0,0,0,0,0,353
2020/3/25,439,43,401,308,3169,1087,875,119,1978,1387,95,138,1870,478,146,137,198,1795,142,426,1838,2297,287,377,381,67,74,405,137,4407,113,33033,625,45,704,164,266,1284,132,424,41,917,1347,346,125,399,2600,52,638,49,231,0,37,0,51,17,81,1,1,6,2,67,20,19,0,23,47,0,0,19,14,1,3,5,65,0,4,15,43,1,5,8,0,0,10,1,62,1,366,2,0,11,6,10,15,0,7,1,3,17,1,8,13,133,0,7,0,3,0,1,0,2,0,5,0,0,0,0,0,0,0,0,0,0,0,0,0,0,0,0,0,0,0,0,0,0,0,0,0,0,0,0,0,0,0,0,0,0,0,0,0,0,0,0,0,0,0,0,0,0,1,0,0,0,0,0,0,0,0,0,618
2020/3/26,531,59,508,349,4040,1430,1012,143,2484,1643,106,191,2542,657,179,172,248,2305,155,583,2417,2857,346,485,530,90,82,536,154,6876,136,39140,755,58,870,248,317,1813,165,456,46,1099,1658,402,158,471,3207,76,728,56,267,0,45,0,64,17,81,1,1,8,2,82,20,21,1,29,56,0,3,26,17,1,3,5,83,0,4,25,61,2,6,9,1,0,10,1,81,1,461,3,0,15,7,11,18,0,9,1,3,24,1,9,14,150,0,10,0,3,0,1,0,2,0,2,0,0,0,0,0,0,0,0,0,0,0,0,0,0,0,0,0,0,0,0,0,0,0,0,0,0,0,0,0,0,0,0,0,0,0,0,0,0,0,0,0,0,0,0,0,0,1,0,0,0,0,0,0,0,0,0,752
2020/3/27,639,85,665,386,4885,1740,1291,165,3198,2198,120,234,3029,981,235,219,302,2746,168,781,3240,3657,398,579,709,121,90,621,187,8825,191,46094,944,68,1139,322,414,2345,203,542,58,1321,2009,480,184,610,3726,96,926,73,304,0,51,0,79,19,156,4,2,13,3,102,31,27,2,46,65,0,4,34,25,3,4,7,119,1,5,35,92,4,8,9,1,2,10,2,108,1,605,5,1,19,8,12,23,0,13,1,6,26,2,10,16,175,0,14,0,4,0,1,0,3,0,3,0,0,0,0,0,0,0,0,0,0,0,0,0,0,0,0,0,0,0,0,0,0,0,0,0,0,0,0,0,0,0,0,0,0,0,0,0,0,0,0,0,0,0,0,0,0,1,0,0,0,0,0,0,0,0,0,893
2020/3/28,721,102,773,409,5648,2063,1524,214,4038,2446,149,265,3498,1232,298,269,394,3315,211,1068,4257,4659,441,663,847,147,108,738,214,11124,208,53520,1062,94,1406,377,479,2909,239,661,68,1512,2534,604,211,740,4311,113,1055,84,342,0,55,0,100,22,156,9,2,15,5,120,44,33,5,54,79,0,5,47,31,3,5,9,137,1,10,44,112,5,13,11,1,2,14,2,140,2,834,5,1,25,15,13,35,2,15,1,7,34,3,12,17,189,0,17,0,4,0,1,0,3,0,3,0,0,0,0,0,0,0,0,0,0,0,0,0,0,0,0,0,0,0,0,0,0,0,0,0,0,0,0,0,0,0,0,0,0,0,0,0,0,0,0,0,0,0,0,0,0,1,0,0,0,0,0,0,0,0,0,2611
2020/3/29,830,114,919,449,6345,2308,1993,232,4950,2683,175,324,4596,1514,336,330,439,3540,253,1239,4955,5489,503,759,926,161,120,920,258,13386,237,59746,1189,98,1653,431,549,3465,294,774,90,1818,2826,724,235,890,4896,124,1164,87,401,0,56,2,127,23,156,10,3,17,6,132,47,34,6,60,84,0,6,66,32,4,7,9,151,3,15,48,132,9,14,13,2,2,15,3,161,2,966,6,1,29,16,13,43,3,16,1,12,37,4,12,24,204,1,18,0,9,0,1,0,5,0,3,0,0,0,0,0,0,0,0,0,0,0,0,0,0,0,0,0,0,0,0,0,0,0,0,0,0,0,0,0,0,0,0,0,0,0,0,0,0,0,0,0,0,0,0,0,0,1,0,0,0,0,0,0,0,0,0,4864
2020/3/30,947,119,1158,508,7394,2627,2571,264,5704,3032,204,431,5058,1787,424,374,480,4025,275,1413,5752,6498,576,847,1122,177,153,1044,314,16636,281,67384,1379,109,1933,483,606,4155,408,925,101,1937,3346,806,256,1020,5187,145,1285,95,495,0,58,2,174,30,156,11,3,20,7,149,51,36,7,71,102,0,8,74,35,6,8,11,185,3,15,56,185,10,16,13,5,3,18,3,198,4,1342,8,3,40,17,16,51,4,18,1,14,48,4,12,25,219,1,24,0,9,0,1,0,7,0,3,0,0,0,0,0,0,0,0,0,0,0,0,0,0,0,0,0,0,0,0,0,0,0,0,0,0,0,0,0,0,0,0,0,0,0,0,0,0,0,0,0,0,0,0,0,0,1,0,0,0,0,0,0,0,0,0,5944
2020/3/31,999,133,1406,564,8558,2968,3128,319,6741,4117,224,525,5998,2159,497,441,632,5237,303,1660,6620,7615,629,937,1407,198,177,1138,367,18997,341,76049,1561,122,2199,568,690,4994,488,1083,108,2391,3925,894,293,1250,5453,162,1412,120,507,0,69,2,239,30,156,24,3,24,8,182,69,69,10,85,125,1,8,100,49,7,9,18,239,5,19,89,259,12,20,15,5,4,26,3,267,5,1714,12,3,55,23,18,67,8,22,1,23,58,5,13,27,225,1,25,0,9,0,2,0,8,0,9,0,0,0,0,0,0,0,0,0,0,0,0,0,0,0,0,0,0,0,0,0,0,0,0,0,0,0,0,0,0,0,0,0,0,0,0,0,0,0,0,0,0,0,0,0,0,1,0,0,0,0,0,0,0,0,0,7135
2020/4/1,1107,143,1530,624,9907,3342,3557,368,7773,4748,256,669,6980,2569,552,495,687,6424,344,1986,7738,9334,689,1073,1672,217,214,1299,415,22255,388,84046,1768,147,2547,721,736,6063,566,1293,129,2845,4607,1018,321,1486,5984,191,1573,137,586,0,77,6,286,30,244,28,3,29,10,216,80,85,11,101,154,1,9,146,65,9,10,20,273,7,31,122,337,17,22,22,5,4,32,4,355,6,2220,16,3,65,30,19,74,10,26,2,24,68,7,16,35,254,2,28,0,11,0,3,1,11,0,9,0,0,3,42,111,0,0,49,0,0,49,0,2,0,3,0,64,0,68,53,10,15,342,0,28,0,0,18,56,0,26,6409,5,39,0,1,0,58,0,0,51,170,254,0,0,2,563,0,1,31,121,0,7,0,0,21,0
2020/4/2,1270,147,1598,683,11126,3728,3824,393,9008,5444,283,891,7697,3039,614,558,770,9159,376,2331,8966,10791,742,1177,1860,241,255,1484,479,25590,425,92743,2041,159,2902,881,826,7345,657,1554,165,2845,5253,1095,338,1706,6595,217,1748,153,653,0,82,8,316,37,368,32,3,32,12,244,97,112,12,144,176,2,9,167,78,11,14,31,310,7,36,154,417,18,26,22,5,6,38,5,537,7,2468,21,3,81,34,21,92,12,31,2,36,86,7,17,41,272,2,38,0,12,0,3,1,12,0,10,0,0,3,50,164,0,0,49,0,0,72,0,7,0,3,0,64,0,94,53,10,15,342,0,28,32,0,26,101,0,26,6507,37,43,0,1,0,67,0,0,57,184,377,0,0,2,568,0,1,31,173,0,12,0,0,29,0
2020/4/3,1535,157,1769,738,12507,4181,4914,450,10268,5967,319,1013,9266,3437,699,629,831,10297,432,2758,10402,12744,789,1358,2158,262,285,1559,540,29895,517,103169,2336,173,3312,990,899,8570,711,1700,187,3068,6030,1255,389,2012,6967,237,2012,166,757,0,84,8,378,38,368,38,3,41,12,280,111,131,14,170,198,3,10,210,102,11,18,37,370,9,43,192,479,22,29,33,5,6,43,7,646,10,2935,30,3,91,38,22,102,14,34,2,44,104,7,17,47,295,2,51,0,15,0,4,1,15,0,10,0,0,3,60,212,0,0,71,0,0,72,0,7,0,3,3,64,0,113,53,10,44,410,0,33,32,0,29,144,0,26,6662,40,55,0,1,0,67,0,0,69,248,528,0,0,2,582,0,1,37,173,0,14,0,0,29,0
2020/4/4,1633,171,2019,743,13904,4565,5276,593,11545,6383,351,1078,10360,3953,787,698,917,12496,456,3172,11736,14225,865,1455,2345,281,323,1742,621,34124,570,114174,2549,186,3739,1161,999,10507,806,1917,212,3322,6872,1436,461,2407,7632,282,2128,187,902,0,93,8,452,42,392,44,5,52,14,324,126,165,14,195,208,3,10,245,116,14,21,40,409,10,54,216,540,24,35,43,6,8,46,9,846,11,3565,35,3,102,42,26,139,17,40,2,50,122,8,20,52,318,2,60,0,21,0,4,1,18,0,15,0,0,3,79,265,0,0,71,0,0,72,0,18,0,3,3,228,0,140,73,10,44,440,0,49,32,0,29,146,0,26,11163,61,63,0,1,0,76,0,0,76,248,640,11,0,2,622,0,1,37,235,0,20,0,0,34,0
2020/4/5,1841,185,2545,853,15158,4950,5675,673,12350,6742,371,1101,11260,4411,869,759,955,13010,470,3617,12500,15718,935,1638,2464,298,364,1836,669,37505,624,123160,2683,207,4043,1254,1068,11589,922,2049,240,3633,7294,1612,512,2640,7984,324,2320,200,1002,0,112,8,475,42,227,45,6,64,16,350,140,189,14,221,219,4,10,276,127,22,22,45,477,10,67,231,617,29,43,47,6,8,46,9,917,12,4159,41,3,119,46,27,151,25,44,2,53,140,8,22,52,343,3,75,0,22,0,4,1,20,1,17,0,0,3,97,278,0,0,71,0,0,72,0,19,0,3,4,306,0,140,73,10,69,451,0,68,32,0,36,147,0,26,12977,118,63,0,383,0,76,0,0,84,248,684,11,0,2,667,0,1,50,258,0,20,0,0,34,1
2020/4/6,2006,191,2732,927,16349,5183,6906,783,13629,7558,387,1170,12264,4956,946,849,1008,14867,499,4045,13837,17221,986,1738,2868,319,417,1970,715,41090,757,131830,3054,225,4453,1329,1132,13206,1082,2232,288,3802,8157,1687,543,2878,8384,345,2511,212,1097,0,113,8,513,43,156,53,6,65,16,388,150,206,15,254,294,5,13,308,143,24,25,60,512,10,91,260,727,30,51,65,6,9,46,9,1003,12,4758,50,3,142,51,29,179,27,48,4,65,153,13,23,66,383,4,85,0,22,0,4,1,21,1,19,0,0,3,102,285,0,0,71,0,0,72,0,24,0,3,4,306,0,158,184,311,94,470,0,69,32,0,36,151,0,133,14236,140,74,0,409,0,76,0,0,91,356,763,26,0,2,839,0,1,50,287,0,25,0,0,36,0
2020/4/7,2197,213,2885,997,17625,5429,7781,928,14747,9156,410,1210,13553,5510,1048,928,1149,16284,519,4371,15202,18970,1069,1915,3209,319,478,2131,747,44416,903,140386,3347,237,4782,1474,1181,14956,1229,2417,320,4139,9204,1746,575,3335,8982,412,2578,221,1211,0,121,8,573,45,2605,64,6,73,18,452,179,277,16,296,348,5,15,380,173,26,29,65,582,12,103,356,845,34,60,86,6,10,72,13,1232,13,5489,58,4,167,67,33,250,30,51,6,72,176,13,23,66,408,4,93,0,22,0,4,2,23,1,27,0,29,3,189,341,0,0,144,0,0,72,0,26,0,89,4,306,0,176,288,311,94,549,0,74,32,0,38,151,51,171,15592,190,82,0,409,0,134,0,0,98,356,976,26,0,2,891,0,1,62,318,0,27,0,0,36,201
2020/4/8,2499,226,3036,1077,19031,5655,8781,1116,15698,10206,435,1232,15079,5943,1145,1051,1346,17030,537,5529,16790,20346,1154,2003,3432,332,519,2318,788,47437,974,151079,3576,251,5148,1526,1239,16746,1450,2552,393,4363,10077,1855,605,3645,9277,483,2812,230,1440,0,125,11,620,45,3316,67,7,80,18,507,193,335,19,323,370,5,18,462,203,27,34,73,652,14,124,433,959,39,67,92,6,12,74,18,1504,16,6269,67,4,193,79,37,319,35,63,6,80,193,13,23,75,432,4,103,0,27,0,4,2,24,1,29,0,32,3,237,459,0,0,159,0,0,72,0,122,28,89,4,306,0,187,288,311,94,632,0,96,32,0,48,227,51,171,15927,210,98,0,409,0,134,0,0,146,627,1194,26,0,2,925,0,65,62,361,0,31,0,0,36,224
2020/4/9,2838,235,3423,1146,20169,6202,9784,1209,16826,10885,442,1354,16424,6351,1270,1117,1452,18283,560,6185,18941,21504,1242,2260,3624,354,577,2456,819,51027,1132,161807,3844,269,5512,1686,1321,18633,1727,2793,447,4634,11483,1987,628,4042,9753,524,2890,239,1523,0,128,11,683,50,3288,78,7,89,21,547,226,380,23,371,412,6,24,529,245,29,42,73,702,16,138,503,1076,50,76,92,6,15,81,21,1709,17,7067,82,5,213,80,44,365,43,67,6,94,223,13,23,109,457,5,111,0,32,0,4,2,33,1,33,0,49,3,305,705,0,0,159,0,0,251,0,158,28,476,4,306,0,202,288,729,94,675,0,108,157,0,48,227,51,171,16234,281,101,0,409,0,170,0,0,161,627,1365,26,0,2,1076,0,84,101,393,0,31,0,0,43,224
2020/4/10,3008,246,3541,1202,21408,6513,10538,1326,17968,11859,465,1396,17903,6907,1388,1178,1693,19253,586,6968,20974,22783,1336,2469,3957,365,647,2603,885,54588,1249,174489,4090,278,5878,1794,1371,20408,2015,3067,536,4891,12397,2113,679,4509,10221,574,3068,253,1660,0,130,11,725,50,3522,80,7,97,24,599,250,448,32,419,425,8,25,597,300,31,50,90,755,17,171,599,1281,57,82,105,6,17,102,22,1932,19,7887,87,6,231,88,48,449,49,72,6,98,248,17,24,121,484,5,128,0,38,0,4,2,39,1,38,0,55,3,329,779,0,0,177,0,0,251,0,213,58,506,16,306,0,246,288,729,94,732,0,167,165,0,868,234,51,171,16517,284,105,12,409,0,170,0,0,177,1145,1709,26,0,2,1146,57,84,101,426,0,41,0,0,43,299
2020/4/11,3262,257,3822,1228,22416,6893,11510,1479,18986,12261,486,1407,19180,7435,1510,1275,1840,20014,616,7694,22860,23993,1427,2642,4161,377,704,2747,929,58151,1332,181825,4401,293,6250,1868,1447,21942,2349,3211,626,5132,13354,2217,711,5077,10416,591,3213,261,1778,0,133,11,788,51,3522,93,8,108,25,634,274,494,33,446,433,8,27,677,330,34,55,94,806,19,206,686,1392,64,93,116,6,17,111,23,2183,20,8650,89,7,247,94,51,530,56,80,6,106,273,18,25,130,496,6,137,0,47,0,5,2,42,1,38,0,55,3,346,942,108,34,191,0,340,251,0,216,58,585,53,306,0,256,288,729,433,732,0,184,165,0,994,234,355,235,17089,313,119,12,409,0,179,0,0,189,1386,1888,26,0,2,1287,57,84,137,447,0,41,0,0,43,309
2020/4/12,3583,272,4023,1280,23311,7307,12035,1625,19895,12550,499,1426,20852,7928,1587,1337,2018,20595,633,8225,25475,24638,1621,2781,4272,387,814,2836,985,61850,1451,190288,4602,308,6604,1970,1527,22997,2665,3320,730,5508,13886,2314,727,5274,10530,611,3341,270,1875,0,133,11,897,51,3665,93,8,115,27,682,290,554,35,461,442,9,27,720,343,41,56,106,840,19,235,756,1487,70,96,118,6,17,114,23,2350,26,9385,91,8,253,96,52,557,63,82,6,106,296,18,27,141,510,8,144,0,50,0,5,2,44,1,47,0,66,3,346,978,112,34,213,0,340,310,0,227,105,674,53,306,0,266,456,729,433,842,0,191,169,0,994,239,355,235,25765,325,121,12,409,0,179,0,0,196,1504,2068,26,0,2,1325,57,84,137,493,0,58,0,0,43,351
2020/4/13,3803,277,4215,1475,24372,7696,13381,1761,21019,13621,504,1464,22025,8368,1710,1391,2048,21016,698,8936,26867,25635,1650,2942,4531,394,853,3029,1020,64584,1552,196146,5007,331,6975,2069,1584,24336,2976,3439,868,5610,14505,2374,748,5747,10725,633,3428,275,1955,0,133,11,903,51,4769,103,8,122,30,732,308,602,41,499,480,9,27,798,353,43,62,106,884,19,262,844,1602,70,98,137,7,18,121,23,2443,31,10058,111,8,274,99,53,592,73,87,6,109,317,18,28,149,522,9,155,1,52,0,5,2,45,1,46,0,66,3,391,1116,116,34,277,0,340,310,0,259,105,674,53,306,0,273,594,729,433,842,0,219,171,0,1169,249,355,235,26463,325,127,12,409,0,264,0,0,207,1671,2404,218,0,2,1410,57,87,137,507,0,58,0,0,43,588
2020/4/14,3953,285,4326,1498,25779,7950,13989,1926,21628,14578,517,1469,23248,8527,1899,1441,2210,21518,734,9472,28164,27001,1695,3087,4784,399,901,3144,1091,68824,1625,203377,5170,341,7285,2184,1633,25591,3251,3553,988,5827,15343,2428,783,6182,10976,694,3555,282,2058,0,135,13,923,51,5017,114,9,131,32,790,329,671,43,571,525,9,39,869,387,49,69,115,1013,21,302,957,1768,79,111,153,7,20,130,27,2805,36,10842,120,9,324,108,55,702,80,97,6,124,362,19,29,157,546,10,170,1,67,0,5,2,45,1,52,0,66,6,444,1321,498,63,319,163,340,310,0,409,131,674,258,653,0,292,594,729,433,909,0,316,197,0,1249,249,394,340,26999,883,138,305,1060,38,264,0,0,261,1969,2677,219,0,721,1424,147,87,164,518,0,66,0,0,43,626
2020/4/15,4241,293,4540,1599,27098,8280,14755,2014,22519,15267,530,1508,24593,8960,1995,1526,2291,21951,770,10032,29918,28059,1809,3360,5004,404,952,3214,1139,71030,1724,214832,5424,365,7794,2263,1663,26804,3529,3656,1168,6288,16289,2559,783,6500,10976,723,3721,288,2197,0,135,13,974,51,4991,123,9,143,34,890,356,868,46,614,576,9,41,949,436,53,74,122,1103,24,347,1108,1921,87,122,166,7,21,137,32,3156,36,11629,138,9,362,123,58,787,87,107,6,135,391,20,30,195,565,12,183,2,72,0,5,2,51,1,2405,0,106,6,489,1321,510,63,354,174,340,359,0,429,146,908,293,800,0,305,607,729,502,940,0,443,209,0,1400,365,470,353,27598,900,142,367,1060,42,264,0,0,329,2196,3150,219,0,721,1507,147,87,164,530,0,66,0,0,43,585
2020/4/16,4404,300,4893,1620,28157,8675,15884,2075,23340,16368,541,1609,25733,9549,2141,1617,2435,22532,796,10784,32181,29263,1912,3624,5239,415,1066,3321,1211,75317,1975,223691,5668,393,8414,2357,1736,28314,3838,3931,1311,6288,17263,2701,783,6889,11285,739,3889,296,2350,0,135,13,1043,51,5855,137,9,150,37,973,374,971,52,668,617,9,41,1073,480,60,80,129,1156,27,392,1245,2093,95,129,175,7,24,142,34,3518,44,12248,155,9,391,131,64,848,105,109,7,141,429,21,35,208,587,13,197,2,81,0,5,2,56,1,4062,0,106,6,548,1473,510,63,378,174,340,374,390,465,150,987,391,956,0,333,736,729,502,1020,0,472,218,0,1531,455,470,353,28103,964,163,367,1060,42,317,0,0,373,2196,3677,219,0,721,1719,223,93,164,552,0,66,0,0,43,2652
2020/4/17,4572,309,5163,1695,29425,9047,16809,2323,24759,17432,553,1655,27577,10154,2333,1742,2522,23118,827,11572,34402,30023,2070,3793,5446,422,1138,3524,1287,78467,2089,235395,6198,439,9107,2465,1785,30031,4177,4086,1411,6589,18078,2822,783,7491,11707,776,4053,305,2476,0,136,13,1068,51,5762,151,9,169,37,1057,391,1036,61,726,668,9,41,1132,519,64,84,137,1213,29,493,1404,2227,111,140,189,10,24,142,37,3840,51,17131,181,9,418,136,70,921,118,116,7,142,459,23,35,231,610,16,206,2,86,0,5,2,58,2,81,0,110,6,548,2560,510,63,378,174,340,374,390,465,150,1007,421,956,0,352,736,729,502,1066,0,502,233,0,1664,468,470,382,28227,997,172,448,1060,42,340,0,0,457,3018,4202,220,0,721,1757,223,135,187,573,0,97,0,0,43,2035
2020/4/18,4723,314,5411,1777,30812,9440,17550,2538,25492,17841,574,1668,29161,10641,2513,1854,2707,23580,847,12326,36372,30791,2213,3974,5596,426,1287,3644,1342,81599,2224,242570,6376,528,10222,2570,1844,31795,4491,4248,1542,6762,18905,2947,803,8053,12064,826,4199,309,2666,0,136,14,1118,53,5789,151,9,180,38,1148,413,1086,67,748,677,9,44,1259,545,74,86,144,1267,32,537,1560,2308,121,152,198,10,28,151,38,4249,53,17627,191,9,451,139,72,1105,137,119,7,146,483,25,38,258,630,18,212,2,91,0,5,2,60,3,83,0,128,6,726,2740,529,63,466,174,340,390,520,606,173,1095,421,979,0,382,771,1299,3237,1118,0,511,243,0,1770,513,498,465,28884,1177,183,448,1534,42,373,0,0,552,3234,4806,220,0,721,1765,255,194,227,608,0,97,9,0,46,2747
2020/4/19,4903,319,5647,1781,31531,9730,17962,2538,26314,18301,580,1672,30357,11211,2902,1941,2960,23928,867,12847,38077,31424,2356,4274,5807,433,1474,3728,1392,85301,2314,248417,6605,585,11602,2599,1910,32902,4706,4377,1635,7070,19410,3083,813,8542,12064,890,4346,313,2793,0,136,14,1213,53,11130,160,9,184,39,1180,422,1127,67,774,687,10,44,1290,562,75,94,148,1296,34,548,1706,2391,134,159,199,10,28,158,41,4362,55,18298,200,10,471,140,74,1276,150,120,7,148,500,27,38,277,634,20,220,2,96,0,5,2,62,3,414,0,153,6,726,3053,559,63,466,174,340,414,520,606,1557,1171,444,1174,0,393,914,1299,3237,1160,0,545,243,0,1880,513,730,465,29275,1177,189,448,1575,42,466,0,0,646,3344,5534,220,0,721,1778,265,196,233,622,0,97,9,0,46,1324
2020/4/20,5078,321,5850,1971,33866,10112,19815,2745,27058,19398,584,1736,31508,11688,3159,2065,3050,24523,875,13684,39643,32000,2470,4512,5963,433,1648,3830,1447,88806,2494,253311,6979,627,12919,2680,1956,34005,5090,4439,1685,7238,20087,3229,816,8990,12486,908,4541,429,2927,0,136,14,1252,53,11841,164,9,191,42,1229,449,1331,72,823,774,10,48,1349,577,79,102,154,1328,35,582,1809,2468,143,169,215,10,33,163,42,4520,58,18822,220,13,509,143,75,1357,155,124,7,152,520,28,38,300,658,26,234,2,105,0,5,2,63,3,431,0,153,6,726,3337,559,63,495,174,340,423,660,645,1559,1171,444,1174,0,435,917,1299,3237,1160,0,1217,243,0,1958,521,730,465,29593,1247,189,448,1614,42,466,0,0,709,3575,5707,220,0,721,1782,265,196,290,630,0,97,11,0,46,1568
2020/4/21,5327,329,6038,2262,35845,10460,20360,2931,27869,20166,586,1766,33059,12097,3641,2210,3192,24854,888,14193,41199,32967,2567,4716,6142,437,1722,3937,1490,92387,2595,258589,7135,644,13725,2807,2002,35339,5500,4608,1755,7394,20975,3313,818,9630,12724,933,4625,441,3098,0,136,14,1252,53,11616,185,9,208,43,1326,486,1423,82,867,818,12,48,1468,635,83,109,171,1405,36,584,1961,2700,160,183,229,12,33,163,42,4753,65,19470,245,13,557,164,78,1614,171,135,8,157,545,32,40,324,682,27,244,6,112,0,5,2,64,3,450,0,168,6,726,3345,559,63,565,174,340,437,660,645,1559,1171,444,1174,0,443,917,1299,3272,1160,0,1240,273,0,2044,546,730,529,29826,1302,214,448,1703,42,466,0,0,824,3828,6444,220,0,721,1790,330,196,290,636,0,97,11,0,46,9050
2020/4/22,5610,335,6297,2392,37710,10891,22469,3200,28586,21102,592,1802,35109,12438,3748,2418,3373,25258,907,14775,42944,33966,2722,4894,6306,439,1813,4081,1588,95914,2736,263754,7545,679,14117,2894,2059,36212,5841,4761,1858,7842,21774,3461,823,10266,12865,963,4845,447,3206,0,136,14,1378,54,12623,201,9,231,44,1440,508,1544,89,927,846,12,54,1565,666,90,112,185,1473,39,698,2182,2813,179,193,242,14,38,187,48,5150,71,20248,267,14,610,170,78,1673,181,140,9,166,569,34,40,349,695,29,248,6,127,0,5,2,67,3,471,0,168,6,726,3580,559,63,599,174,340,444,767,645,1559,1171,444,1174,0,455,981,1299,3272,1160,0,1257,296,0,2209,550,730,529,29831,1302,229,448,1774,595,586,0,0,937,4012,7359,220,0,721,1798,360,196,290,645,0,97,11,0,48,7434
2020/4/23,5832,337,6638,2599,39561,11278,23100,3308,29648,21883,596,1836,36937,13039,3924,2721,3481,25739,937,15737,46023,35296,2942,5153,6506,442,2202,4208,1670,100025,2854,271162,7820,709,14694,3017,2127,38379,6256,4917,1956,8266,22650,3631,825,10998,13014,981,5052,453,3361,0,139,14,1416,54,13307,202,9,249,45,1533,552,1639,92,987,881,12,54,1688,706,96,113,191,1599,44,748,2360,2977,200,201,252,14,47,195,51,5426,78,20982,281,15,656,179,83,1724,189,150,9,171,604,35,43,373,714,31,258,7,139,0,5,2,69,3,488,0,209,6,898,3582,559,63,643,174,340,455,822,645,1559,1492,444,1174,0,485,981,1299,3272,1536,0,1530,306,0,2325,551,730,529,31218,1302,269,448,1886,595,603,342,0,1064,4192,8025,220,0,721,1803,360,196,290,648,0,97,11,0,48,4975
2020/4/24,6026,339,7011,2810,41355,12256,23936,3442,30533,22491,601,1870,39658,13681,4445,2959,3779,26140,965,16616,50969,36641,3185,5434,6788,444,2424,4398,1720,102196,3076,279314,8290,748,15169,3121,2177,40208,6699,5070,2040,8728,23642,3801,827,11594,13307,1010,5356,473,3528,0,141,14,1416,54,13742,209,9,266,47,1621,674,1767,100,1046,899,13,54,1795,741,107,118,200,1660,47,798,2556,3085,221,209,272,14,50,197,53,5683,84,21430,294,15,690,188,86,1747,202,157,10,171,624,39,44,411,733,32,263,7,153,0,5,2,77,3,510,0,209,6,964,3620,559,63,703,174,340,455,867,645,1559,1492,604,1174,14927,499,981,1299,3272,1536,0,1544,325,0,2420,578,730,614,31962,1302,269,448,1964,595,671,377,0,1190,4402,9216,324,0,721,1807,360,196,290,651,0,128,11,0,48,11341
2020/4/25,6213,339,7252,2909,42626,12968,24583,3576,30839,23222,604,1887,41777,14395,5092,3135,3907,26512,990,17766,53348,37215,3446,5718,6935,445,2722,4539,1797,105523,3215,287490,8768,803,15587,3194,2253,41605,7129,5253,2147,9189,24157,3967,843,12366,13567,1025,5687,491,3699,0,141,14,1416,55,14555,213,9,273,48,1698,684,1865,112,1055,907,14,56,1875,785,112,120,205,1707,50,875,2730,3274,244,221,283,14,50,205,53,5938,93,21802,305,16,711,194,87,1810,215,166,10,177,638,41,46,437,741,33,266,7,165,0,5,2,83,3,537,0,217,6,985,3621,559,63,809,174,340,482,867,645,1559,1723,643,1174,14927,519,1152,1299,8342,1654,0,1563,339,0,2550,777,730,632,31962,1356,310,448,2082,595,681,410,0,1223,4499,9218,324,0,721,1807,455,196,334,652,0,128,11,0,55,12344
2020/4/26,6421,341,7500,3001,43720,13441,25269,4034,31532,23481,606,1897,43903,15012,5476,3277,4078,26773,1015,18581,54938,37778,3602,5911,7120,448,3028,4734,1864,109038,3281,293696,8997,867,15972,3254,2311,42616,7439,5498,2212,9667,24968,4142,851,12970,13782,1055,5911,502,3841,0,141,14,1416,57,14302,219,9,275,50,1723,687,1924,120,1075,916,14,56,1933,813,118,121,208,1729,50,910,2899,3315,272,227,283,14,56,206,60,5938,99,22365,324,17,728,195,92,1816,226,174,11,181,651,41,46,449,754,34,272,7,178,0,5,2,84,4,538,0,217,6,989,3621,559,63,911,174,340,488,867,645,1559,1903,643,1174,14927,519,1152,1299,8342,1774,0,1564,339,0,2647,777,730,632,32344,1472,326,448,2142,595,692,433,0,1257,4558,9227,324,0,721,1813,455,196,334,657,0,128,11,0,55,11732
2020/4/27,6539,345,7691,3069,45200,13879,25997,4162,32138,24212,607,1917,45883,15961,5868,3473,4156,27068,1023,19487,56462,38210,3811,6094,7307,449,3358,4734,1938,111188,3380,298442,9428,942,16325,3281,2354,43648,7708,5613,2245,9918,25321,4255,855,13538,14200,1077,6081,520,3892,0,141,14,1416,57,15001,228,9,275,51,1788,706,2012,125,1088,995,16,58,1983,844,127,126,213,1740,51,910,3003,3407,286,229,303,14,56,206,60,6044,99,22668,340,19,753,197,92,1906,233,177,11,184,666,41,47,460,772,37,281,7,185,0,5,2,84,4,580,0,218,6,1053,3636,559,63,996,174,340,493,867,645,1559,1903,703,1174,14927,549,1263,1299,8342,1842,0,1683,352,0,2686,798,730,632,32805,1709,350,448,2171,595,765,452,0,1316,4755,9227,393,0,721,1837,481,2882,334,659,0,128,12,0,55,27575
2020/4/28,6750,351,7921,3127,46164,14316,26312,4575,32848,24923,609,1952,48102,16588,6376,3652,4375,27286,1040,20113,58302,39262,4181,6342,7450,451,3517,4821,2010,113856,3529,301489,9755,991,16769,3410,2385,45137,7927,5735,2313,10052,26357,4364,862,14339,14388,1095,6289,536,3994,0,141,14,1416,57,15741,242,9,275,57,1864,736,2087,137,1171,1036,16,60,2125,901,136,127,225,1801,51,910,3153,3568,301,239,330,15,56,219,60,6442,105,23134,363,19,799,207,99,2046,239,192,11,188,719,41,47,492,792,38,300,7,190,0,5,2,86,4,792,0,218,6,1216,3636,559,63,1096,174,340,505,867,645,1559,2164,735,1174,17303,585,1263,1299,8342,1912,0,1717,352,0,2788,936,730,632,32904,1709,409,448,2260,595,765,466,0,1392,4924,9685,399,0,721,1851,481,2882,378,660,0,128,12,0,55,26298
2020/4/29,6932,355,8175,3193,48829,14758,26767,4655,33193,25955,613,1984,50358,17182,6843,3839,4537,27660,1056,20849,60265,40399,4644,6569,7660,451,3851,4935,2058,116365,3768,306478,10180,1033,17303,3473,2446,46458,8247,5882,2373,10366,27390,4516,862,14962,14711,1110,6520,545,4106,0,141,14,1433,57,16694,263,9,304,57,1956,766,2168,144,1218,1103,16,60,2215,964,148,134,234,1845,52,1078,3405,3670,319,250,338,16,56,230,60,6771,112,23477,382,19,937,214,101,2386,251,231,13,195,759,45,47,522,804,38,308,7,205,0,5,2,86,4,670,0,218,6,1249,3636,559,63,1173,174,340,516,867,645,1559,2428,769,1174,17303,615,1263,1299,8342,2043,0,1729,382,0,2916,936,730,632,33332,1808,437,448,2319,595,837,466,3252,1493,5143,12745,399,0,721,1870,481,2882,378,660,0,128,12,0,55,23384
2020/4/30,7088,355,8847,3281,50411,15284,27700,4734,33690,26388,618,2015,52918,17835,7145,4413,4708,28001,1095,21742,62205,41379,5136,6815,7825,453,4281,5054,2146,118652,4174,311379,10754,1067,18027,3618,2510,48134,8621,6095,2449,10735,28728,4694,866,15847,14986,1125,6854,559,4323,0,145,14,1539,66,17892,272,9,320,61,2046,777,2257,152,1268,1136,16,63,2355,1114,162,134,240,1905,53,1140,3562,3789,343,261,351,16,70,243,72,7228,123,23796,406,19,976,222,103,2475,266,244,17,199,812,46,49,552,819,41,316,7,224,0,5,2,92,4,641,0,252,6,1339,3643,559,63,1275,174,340,526,867,645,1559,2428,870,1174,17303,631,1432,4086,8342,2172,0,1840,392,0,3037,936,730,760,33678,1812,458,448,2402,595,837,466,3252,1574,5339,13460,399,0,721,1966,545,3352,378,660,0,128,12,0,55,25819
2020/5/1,7294,364,9161,3310,52238,15793,28764,4918,34728,27731,619,2035,56055,18630,7884,4634,4879,28711,1123,23472,64311,42356,5730,7212,8078,453,5008,5248,2310,121190,4276,315515,11070,1107,18743,3748,2579,49579,8962,6258,2525,11891,29937,4850,879,16902,15264,1152,7314,566,4658,0,145,14,1575,66,18481,289,9,330,64,2136,821,2339,159,1314,1169,16,63,2457,1175,170,140,248,1970,55,1192,3716,3866,370,281,360,16,73,246,81,7538,131,24039,419,23,1003,230,104,2635,279,256,21,204,841,46,50,581,826,46,327,7,231,0,5,2,94,4,709,0,254,6,1985,3643,559,63,1403,174,340,532,867,645,1559,2899,904,1675,17303,657,1517,4250,8342,2282,3413,1918,397,0,3199,980,730,760,34486,1812,482,448,2468,595,837,485,3252,1687,5547,13840,1939,0,721,1982,555,3352,378,666,0,128,12,0,55,25032
2020/5/2,7611,365,9556,3372,53655,16225,29287,5038,35466,28330,620,2061,58505,19295,8643,4885,4879,29140,1153,24480,66263,43207,6232,7441,8356,455,5317,5389,2429,123717,4495,319449,11588,1153,19335,3851,2635,50494,9289,6489,2588,12661,31140,5007,886,17738,15521,1185,7660,579,4797,0,145,14,1757,66,18944,289,9,330,72,2194,832,2436,168,1364,1177,16,64,2559,1175,175,142,248,1993,56,1278,3846,4021,394,291,376,16,73,255,84,7742,138,24303,431,24,1022,238,109,2695,296,267,21,209,865,49,51,617,832,48,334,7,240,0,5,2,95,4,871,0,261,6,1987,3684,559,63,1546,174,340,541,867,645,1559,3156,944,1675,17303,689,1517,4710,15659,2397,3413,1956,404,0,3320,1017,730,760,34486,1812,510,448,2556,595,916,531,3252,1760,5718,14129,1952,0,721,1982,572,3698,391,666,0,128,12,0,55,26610
2020/5/3,7888,368,9832,3437,54903,16635,29287,5208,36078,28666,620,2061,61499,19933,9175,5156,5130,29340,1185,25462,68087,43801,6663,7550,8618,455,5661,5472,2518,126744,4613,323232,11770,1191,19914,3972,2680,51225,9477,6626,2631,13177,31998,5197,897,18672,15761,1195,7964,586,5016,0,145,14,1808,66,21162,290,9,362,76,2216,842,2436,177,1379,1184,17,64,2618,1175,184,144,253,2012,57,1324,4004,4053,418,303,381,16,78,258,86,7871,151,24708,434,25,1039,238,109,2720,320,275,21,210,878,50,53,660,834,48,339,7,251,0,5,2,97,4,837,0,263,6,1999,3684,559,63,1640,174,340,544,867,645,1559,3156,981,1675,17303,706,1517,4710,15674,3015,3413,1959,404,0,3436,1107,730,832,34771,1812,517,448,2636,595,916,565,3252,1799,5814,14223,1952,0,721,1982,572,3723,391,666,0,128,12,0,55,29641
2020/5/4,8112,370,10116,3469,56135,16918,29973,5288,36897,29452,621,2106,63840,20507,9703,5383,5245,29673,1205,26408,69087,43990,7234,7877,8946,457,6037,5630,2588,128269,4794,327454,11971,1225,20474,4044,2759,52816,9652,6757,2668,13571,32812,5339,902,19493,16096,1224,8236,596,5170,0,145,14,1843,66,21298,298,9,362,80,2289,851,2556,182,1399,1246,17,64,2662,1175,188,156,261,2064,57,1324,4090,4139,427,310,386,16,78,265,86,7910,156,24999,442,25,1057,238,109,2838,341,283,21,219,902,50,53,684,841,48,340,7,258,0,5,2,97,4,959,0,264,6,2044,3916,559,63,1640,174,340,548,867,645,1559,3486,1157,1675,20316,720,1517,4902,15674,4212,3413,1987,404,0,3535,1107,730,842,35362,1812,540,448,2683,595,916,601,3252,1830,6081,14316,1952,0,721,2052,572,3973,405,666,0,128,12,0,55,30794
2020/5/5,8437,371,10779,3525,58685,17367,30621,5371,37439,29899,625,2127,65962,21033,10111,5648,5822,29996,1226,27117,70271,44451,7851,8207,9121,457,6374,5660,2636,130593,5169,330035,12510,1266,20969,4127,2839,53864,9933,6841,2721,13690,33912,5494,907,20257,16319,1242,8566,604,5322,0,145,14,1924,66,21243,315,9,395,83,2388,903,2633,187,1471,1298,17,65,2838,1211,207,161,275,2115,61,1390,4212,4183,455,342,409,16,78,276,92,8244,162,25255,472,25,1135,247,113,3179,355,296,24,226,925,56,53,713,864,50,353,7,264,0,5,2,99,4,1062,0,277,6,2091,3956,567,63,1847,174,340,551,867,645,1559,3572,1238,1675,20316,741,1810,4902,15674,4614,4421,2053,410,0,3594,1107,730,964,35455,1812,559,448,2831,595,1044,639,3252,1895,6356,14405,1952,0,721,2082,667,4131,405,667,0,128,12,0,55,39794
2020/5/6,8691,372,11243,3611,60616,17832,30995,5778,38013,30746,626,2158,68232,21870,10404,5993,5934,30399,1254,28163,72025,45179,8579,8424,9323,457,6689,5744,2741,131890,5354,333576,13053,1323,21576,4202,2916,54800,10205,6936,2780,13938,34928,5641,908,20257,16640,1242,8901,631,5461,0,149,15,1968,66,21777,343,10,426,87,2464,919,2718,193,1539,1327,17,66,2974,1377,219,164,283,2167,62,1437,4420,4256,485,374,428,16,78,289,92,8549,169,25923,492,31,1225,253,115,3345,370,305,29,239,954,58,53,713,879,50,362,7,277,0,5,2,99,4,1071,0,286,6,2123,3975,567,63,2008,174,340,558,867,715,1559,3803,1280,1675,20316,766,1903,5708,15674,5005,4421,2063,410,0,4199,1107,730,1073,35822,1812,582,448,2910,1125,1044,665,3252,1977,6587,14548,1952,0,2734,2095,667,4348,416,808,0,128,12,0,55,45748
2020/5/7,9046,374,11554,3703,62360,18370,31784,5939,38828,31603,629,2178,70871,22503,11059,6332,6129,30652,1330,29374,73721,45745,9365,8686,9581,457,7066,5855,2843,133991,5594,337451,13540,1371,22131,4330,2989,55956,10530,7142,2906,14096,36047,5770,916,21570,16847,1287,9215,635,5654,0,149,15,2031,66,22684,369,10,450,87,2546,944,2797,202,1600,1352,17,67,3111,1414,231,165,294,2208,62,1503,4552,4345,508,396,449,16,91,297,114,8807,172,26144,513,31,1271,260,121,3589,388,316,31,239,985,61,53,769,899,51,374,7,285,0,5,2,102,4,1262,0,292,6,2161,4071,567,63,2110,174,340,565,867,715,1559,4266,1425,1675,20316,787,1903,6587,15674,5308,4421,2123,410,0,4324,1165,730,1125,36051,1812,601,448,2988,1125,1080,696,3252,2028,6793,14866,1952,0,2825,2100,667,4520,416,825,0,128,12,0,55,46282
2020/5/8,9385,377,12126,3747,63779,18827,32411,6111,39199,32181,629,2178,73760,23146,11457,6667,6288,30855,1374,30485,75333,46386,10088,9090,9733,458,7818,5920,2947,135840,5774,340706,14006,1425,23016,4424,3068,57371,10779,7367,3145,14441,37246,5965,919,22342,17065,1323,9590,644,5899,0,151,15,2156,68,24663,383,10,517,88,2613,960,2874,213,1669,1400,17,67,3241,1447,243,168,298,2227,63,1560,4702,4399,534,409,483,16,91,297,121,8960,181,26383,530,33,1306,266,124,3715,399,320,31,242,1025,61,53,812,909,52,384,7,304,0,5,2,107,4,1291,0,305,6,2968,4423,567,63,2450,174,340,566,867,732,1559,4685,1461,1675,20316,836,2041,7701,15696,5697,4421,2270,420,0,4362,1210,730,1189,36384,1812,714,448,3066,1125,1110,730,3252,2069,7017,15037,1952,737,2997,2106,667,4694,438,825,0,128,12,0,57,46642
2020/5/9,9668,378,12661,3747,66558,19387,32984,6277,40001,32588,631,2205,76085,23732,11671,6829,6440,31417,1408,31534,76743,46815,10790,9378,9902,458,8093,6171,3011,137397,6000,343994,14478,1464,23697,4490,3160,58560,10989,7531,3393,14768,38394,6153,921,23196,17203,1323,9939,653,6102,0,151,16,2173,68,23543,390,10,532,88,2687,967,2932,221,1715,1403,17,67,3349,1490,252,174,304,2267,64,1614,4840,4530,558,421,493,16,91,313,131,9116,191,26612,551,35,1331,270,127,3779,418,330,34,242,1066,66,53,827,920,52,398,7,311,0,5,2,108,4,1249,0,318,6,2968,7559,567,63,2450,174,340,567,1442,887,1691,5011,1483,1675,20316,857,2159,7948,22686,6322,4421,2523,422,0,4559,1228,730,1268,36980,2138,762,832,3156,1125,1120,772,3252,2125,7374,20175,1952,737,3124,2106,667,4875,443,879,0,128,12,0,57,40649